"","Strain Name","Virus Species","GenBank Accession","Sequence Length","Pango Genome Lineage","Collection Date","Host","GenBank Host","Country","Mol Type","Segment","Protein Name","seq_length","seq_coverage","cov_categories","Continent","Continent_Region"
"1","RVax-1","Rift Valley fever phlebovirus","ON211622","6404","-N/A-","02/09/2020","Monkey","Vero cells","United States of America","genomic RNA","L","L protein",6404,0.533666666666667,"50-90%","North America","USA"
"2","40Fp8","Rift Valley fever phlebovirus","OM744403","6404","-N/A-","06/21/2016","Unknown","-N/A-","Spain","genomic RNA","L","polymerase",6404,0.533666666666667,"50-90%","Europe","Western Europe"
"3","56/74_4255","Rift Valley fever phlebovirus","OM744400","6404","-N/A-","1974","Cattle","cow","South Africa","genomic RNA","L","polymerase",6404,0.533666666666667,"50-90%","Africa","Southern Africa"
"4","DVS-230","Rift Valley fever phlebovirus","OM744375","6397","-N/A-","07/15/2021","Cattle","Bos taurus","Kenya","genomic RNA","L","polymerase",6397,0.533083333333333,"50-90%","Africa","Eastern Africa"
"5","DVS-321","Rift Valley fever phlebovirus","OM744376","6399","-N/A-","07/15/2021","Cattle","Bos taurus","Kenya","genomic RNA","L","polymerase",6399,0.53325,"50-90%","Africa","Eastern Africa"
"6","DVS-333","Rift Valley fever phlebovirus","OM744377","6397","-N/A-","07/15/2021","Cattle","Bos taurus","Kenya","genomic RNA","L","polymerase",6397,0.533083333333333,"50-90%","Africa","Eastern Africa"
"7","DVS-356","Rift Valley fever phlebovirus","OM744378","6396","-N/A-","07/15/2021","Cattle","Bos taurus","Kenya","genomic RNA","L","polymerase",6396,0.533,"50-90%","Africa","Eastern Africa"
"8","DVS-372","Rift Valley fever phlebovirus","OM744379","6400","-N/A-","07/15/2021","Cattle","Bos taurus","Kenya","genomic RNA","L","polymerase",6400,0.533333333333333,"50-90%","Africa","Eastern Africa"
"9","Namibia_2010","Rift Valley fever phlebovirus","MT561461","6404","-N/A-","07/30/2010","Sheep","ovine","Namibia","genomic RNA","L","polymerase",6404,0.533666666666667,"50-90%","Africa","Southern Africa"
"10","Namibia_2011","Rift Valley fever phlebovirus","MT561464","6345","-N/A-","07/30/2011","Antelope","springbok","Namibia","genomic RNA","L","polymerase",6345,0.52875,"50-90%","Africa","Southern Africa"
"11","46A-66","Rift Valley fever phlebovirus","MW567931","6403","-N/A-","2007","Mosquito","Aedes pembaensis","Kenya","genomic RNA","L","RNA-dependent RNA polymerase",6403,0.533583333333333,"50-90%","Africa","Eastern Africa"
"12","KLF 019","Rift Valley fever phlebovirus","MW567934","6404","-N/A-","2007","Mosquito","Aedes pembaensis","Kenya","genomic RNA","L","RNA-dependent RNA polymerase",6404,0.533666666666667,"50-90%","Africa","Eastern Africa"
"13","2007004193","Rift Valley fever phlebovirus","EU574005","6404","-N/A-","04/23/2007","Cattle","bovine","Kenya","genomic RNA","L","polymerase",6404,0.533666666666667,"50-90%","Africa","Eastern Africa"
"14","2007002482","Rift Valley fever phlebovirus","EU574009","6404","-N/A-","02/21/2007","Cattle","bovine","Kenya","genomic RNA","L","polymerase",6404,0.533666666666667,"50-90%","Africa","Eastern Africa"
"15","ZC-3349","Rift Valley fever phlebovirus","DQ375412","6404","-N/A-","1978","Unknown","-N/A-","Egypt","genomic RNA","L","polymerase",6404,0.533666666666667,"50-90%","Africa","Northern Africa"
"16","Zinga","Rift Valley fever phlebovirus","DQ375419","6404","-N/A-","1969","Unknown","-N/A-","Central African Republic","genomic RNA","L","polymerase",6404,0.533666666666667,"50-90%","Africa","Western Africa"
"17","MgH824","Rift Valley fever phlebovirus","DQ375414","6404","-N/A-","1979","Unknown","-N/A-","Madagascar","genomic RNA","L","polymerase",6404,0.533666666666667,"50-90%","Africa","Eastern Africa"
"18","2250/74","Rift Valley fever phlebovirus","DQ375413","6404","-N/A-","1974","Unknown","-N/A-","Zimbabwe","genomic RNA","L","polymerase",6404,0.533666666666667,"50-90%","Africa","Southern Africa"
"19","2007002820","Rift Valley fever phlebovirus","EU574008","6404","-N/A-","02/09/2007","Buffalo","Syncerus caffer (buffalo)","Kenya","genomic RNA","L","polymerase",6404,0.533666666666667,"50-90%","Africa","Eastern Africa"
"20","KEN/KLF-Msq","Rift Valley fever phlebovirus","HM586962","6404","-N/A-","01/13/2007","Mosquito","mosquito","Kenya","genomic RNA","L","polymerase",6404,0.533666666666667,"50-90%","Africa","Eastern Africa"
"21","UNKNOWN-HB475447","Rift Valley fever phlebovirus","HB475447","6404","-N/A-","-N/A-","Unknown","-N/A-",NA,"unassigned DNA","-N/A-","NL",6404,0.533666666666667,"50-90%",NA,NA
"22","TAN/Dod-002/07","Rift Valley fever phlebovirus","HM586960","6404","-N/A-","03/14/2007","Human","Homo sapiens","Tanzania","genomic RNA","L","polymerase",6404,0.533666666666667,"50-90%","Africa","Southern Africa"
"23","HB1752","Rift Valley fever phlebovirus","KJ782454","6404","-N/A-","12/24/1985","Human","Homo sapiens","Central African Republic","genomic RNA","L","polymerase",6404,0.533666666666667,"50-90%","Africa","Western Africa"
"24","RVFV MP12","Rift Valley fever phlebovirus","Z30318","11979","-N/A-","-N/A-","Unknown","-N/A-",NA,"genomic RNA","L","NL",11979,0.99825,">90%",NA,NA
"25","73HB1449","Rift Valley fever phlebovirus","DQ375416","6404","-N/A-","1974","Unknown","-N/A-","Central African Republic","genomic RNA","L","polymerase",6404,0.533666666666667,"50-90%","Africa","Western Africa"
"26","2007004194","Rift Valley fever phlebovirus","EU574004","6404","-N/A-","05/14/2007","Cattle","bovine","Kenya","genomic RNA","L","polymerase",6404,0.533666666666667,"50-90%","Africa","Eastern Africa"
"27","ZH548","Rift Valley fever phlebovirus","X56464","6606","-N/A-","-N/A-","Unknown","-N/A-",NA,"genomic RNA","L","putative RNA-dependent RNA-polymerase",6606,0.5505,"50-90%",NA,NA
"28","74HB59","Rift Valley fever phlebovirus","DQ375415","6404","-N/A-","1974","Unknown","-N/A-","Central African Republic","genomic RNA","L","polymerase",6404,0.533666666666667,"50-90%","Africa","Western Africa"
"29","ZH-1776","Rift Valley fever phlebovirus","DQ375411","6404","-N/A-","1978","Unknown","-N/A-","Egypt","genomic RNA","L","polymerase",6404,0.533666666666667,"50-90%","Africa","Northern Africa"
"30","ZS-6365","Rift Valley fever phlebovirus","DQ375410","6404","-N/A-","1979","Unknown","-N/A-","Egypt","genomic RNA","L","polymerase",6404,0.533666666666667,"50-90%","Africa","Northern Africa"
"31","KEN/Bar-Msq","Rift Valley fever phlebovirus","HM586963","6404","-N/A-","02/13/2007","Mosquito","mosquito","Kenya","genomic RNA","L","polymerase",6404,0.533666666666667,"50-90%","Africa","Eastern Africa"
"32","ArB1986","Rift Valley fever phlebovirus","KJ782457","6404","-N/A-","06/12/1969","Mosquito","Aedes palpalis","Central African Republic","genomic RNA","L","L-polymerase",6404,0.533666666666667,"50-90%","Africa","Western Africa"
"33","2007003644","Rift Valley fever phlebovirus","EU574006","6404","-N/A-","02/07/2007","Sheep","ovine","Kenya","genomic RNA","L","polymerase",6404,0.533666666666667,"50-90%","Africa","Eastern Africa"
"34","KEN/Gar-Msq","Rift Valley fever phlebovirus","HM586961","6404","-N/A-","12/29/2006","Mosquito","mosquito","Kenya","genomic RNA","L","polymerase",6404,0.533666666666667,"50-90%","Africa","Eastern Africa"
"35","Lunyo","Rift Valley fever phlebovirus","KU167027","6404","-N/A-","1955","Mosquito","mosquito","Uganda","genomic RNA","L","polymerase",6404,0.533666666666667,"50-90%","Africa","Eastern Africa"
"36","1260/78","Rift Valley fever phlebovirus","DQ375418","6404","-N/A-","1978","Unknown","-N/A-","Zimbabwe","genomic RNA","L","polymerase",6404,0.533666666666667,"50-90%","Africa","Southern Africa"
"37","2007003081","Rift Valley fever phlebovirus","EU574007","6404","-N/A-","02/27/2007","Cattle","bovine","Kenya","genomic RNA","L","polymerase",6404,0.533666666666667,"50-90%","Africa","Eastern Africa"
"38","Clone 13","Rift Valley fever phlebovirus","DQ375417","6404","-N/A-","1974","Unknown","-N/A-","Central African Republic","genomic RNA","L","polymerase",6404,0.533666666666667,"50-90%","Africa","Western Africa"
"39","UNKNOWN-DL138933","Rift Valley fever phlebovirus","DL138933","6606","-N/A-","-N/A-","Unknown","-N/A-",NA,"unassigned DNA","-N/A-","NL",6606,0.5505,"50-90%",NA,NA
"40","Sudan 86-2010","Rift Valley fever phlebovirus","JQ820484","6402","-N/A-","10/2010","Human","Homo sapiens","Sudan","genomic RNA","L","polymerase",6402,0.5335,"50-90%","Africa","Eastern Africa"
"41","2007002445","Rift Valley fever phlebovirus","EU574011","6404","-N/A-","02/05/2007","Cattle","bovine","Kenya","genomic RNA","L","polymerase",6404,0.533666666666667,"50-90%","Africa","Eastern Africa"
"42","KEN/Gar-004/06","Rift Valley fever phlebovirus","HM586953","6404","-N/A-","12/21/2006","Human","Homo sapiens","Kenya","genomic RNA","L","polymerase",6404,0.533666666666667,"50-90%","Africa","Eastern Africa"
"43","Sudan 28-2010","Rift Valley fever phlebovirus","JQ820486","6400","-N/A-","10/2010","Human","Homo sapiens","Sudan","genomic RNA","L","polymerase",6400,0.533333333333333,"50-90%","Africa","Eastern Africa"
"44","UNKNOWN-FV537369","Rift Valley fever phlebovirus","FV537369","6606","-N/A-","-N/A-","Unknown","-N/A-",NA,"unassigned DNA","-N/A-","NL",6606,0.5505,"50-90%",NA,NA
"45","OS-1","Rift Valley fever phlebovirus","DQ375398","6404","-N/A-","1987","Unknown","-N/A-","Mauritania","genomic RNA","L","polymerase",6404,0.533666666666667,"50-90%","Africa","Western Africa"
"46","2007000225","Rift Valley fever phlebovirus","EU574025","6404","-N/A-","01/16/2007","Cattle","bovine","Kenya","genomic RNA","L","polymerase",6404,0.533666666666667,"50-90%","Africa","Eastern Africa"
"47","KEN/Gar-008/06","Rift Valley fever phlebovirus","HM586954","6404","-N/A-","12/21/2006","Human","Homo sapiens","Kenya","genomic RNA","L","polymerase",6404,0.533666666666667,"50-90%","Africa","Eastern Africa"
"48","KEN/Mal-032/07","Rift Valley fever phlebovirus","HM586956","6404","-N/A-","01/15/2007","Human","Homo sapiens","Kenya","genomic RNA","L","polymerase",6404,0.533666666666667,"50-90%","Africa","Eastern Africa"
"49","2007002476","Rift Valley fever phlebovirus","EU574010","6404","-N/A-","02/21/2007","Cattle","bovine","Kenya","genomic RNA","L","polymerase",6404,0.533666666666667,"50-90%","Africa","Eastern Africa"
"50","Kenya 57 (Rintoul)","Rift Valley fever phlebovirus","DQ375431","6404","-N/A-","1951","Unknown","-N/A-","Kenya","genomic RNA","L","polymerase",6404,0.533666666666667,"50-90%","Africa","Eastern Africa"
"51","T-46 (228113)","Rift Valley fever phlebovirus","DQ375405","6404","-N/A-","1977","Unknown","-N/A-","Egypt","genomic RNA","L","polymerase",6404,0.533666666666667,"50-90%","Africa","Northern Africa"
"52","OS-3","Rift Valley fever phlebovirus","DQ375396","6404","-N/A-","1987","Unknown","-N/A-","Mauritania","genomic RNA","L","polymerase",6404,0.533666666666667,"50-90%","Africa","Western Africa"
"53","2007000224","Rift Valley fever phlebovirus","EU574026","6404","-N/A-","01/16/2007","Cattle","bovine","Kenya","genomic RNA","L","polymerase",6404,0.533666666666667,"50-90%","Africa","Eastern Africa"
"54","2007000223","Rift Valley fever phlebovirus","EU574027","6404","-N/A-","01/16/2007","Cattle","bovine","Kenya","genomic RNA","L","polymerase",6404,0.533666666666667,"50-90%","Africa","Eastern Africa"
"55","2007000618","Rift Valley fever phlebovirus","EU574021","6404","-N/A-","01/29/2007","Cattle","bovine","Kenya","genomic RNA","L","polymerase",6404,0.533666666666667,"50-90%","Africa","Eastern Africa"
"56","2007000473","Rift Valley fever phlebovirus","EU574024","6404","-N/A-","01/26/2007","Sheep","ovine","Kenya","genomic RNA","L","polymerase",6404,0.533666666666667,"50-90%","Africa","Eastern Africa"
"57","MP-12","Rift Valley fever phlebovirus","DQ375404","6404","-N/A-","1977","Unknown","-N/A-","Egypt","genomic RNA","L","polymerase",6404,0.533666666666667,"50-90%","Africa","Northern Africa"
"58","2007000611","Rift Valley fever phlebovirus","EU574022","6404","-N/A-","01/29/2007","Cattle","bovine","Kenya","genomic RNA","L","polymerase",6404,0.533666666666667,"50-90%","Africa","Eastern Africa"
"59","763/70","Rift Valley fever phlebovirus","DQ375426","6404","-N/A-","1970","Unknown","-N/A-","Zimbabwe","genomic RNA","L","polymerase",6404,0.533666666666667,"50-90%","Africa","Southern Africa"
"60","2269/74","Rift Valley fever phlebovirus","DQ375434","6404","-N/A-","1974","Unknown","-N/A-","Zimbabwe","genomic RNA","L","polymerase",6404,0.533666666666667,"50-90%","Africa","Southern Africa"
"61","ZH-501","Rift Valley fever phlebovirus","DQ375406","6404","-N/A-","1977","Unknown","-N/A-","Egypt","genomic RNA","L","polymerase",6404,0.533666666666667,"50-90%","Africa","Northern Africa"
"62","ZH-501-777","Rift Valley fever phlebovirus","DQ375408","6404","-N/A-","1977","Unknown","-N/A-","Egypt","genomic RNA","L","polymerase",6404,0.533666666666667,"50-90%","Africa","Northern Africa"
"63","Sudan 2V-2007","Rift Valley fever phlebovirus","JQ820483","6397","-N/A-","2007","Human","Homo sapiens","Sudan","genomic RNA","L","polymerase",6397,0.533083333333333,"50-90%","Africa","Eastern Africa"
"64","ZM-657","Rift Valley fever phlebovirus","DQ375409","6404","-N/A-","1978","Unknown","-N/A-","Egypt","genomic RNA","L","polymerase",6404,0.533666666666667,"50-90%","Africa","Northern Africa"
"65","T1","Rift Valley fever phlebovirus","DQ375407","6404","-N/A-","1977","Unknown","-N/A-","Egypt","genomic RNA","L","polymerase",6404,0.533666666666667,"50-90%","Africa","Northern Africa"
"66","Kenya 9800523","Rift Valley fever phlebovirus","DQ375400","6404","-N/A-","1998","Unknown","-N/A-","Kenya","genomic RNA","L","polymerase",6404,0.533666666666667,"50-90%","Africa","Eastern Africa"
"67","Saudi 2000-10911","Rift Valley fever phlebovirus","DQ375401","6404","-N/A-","2000","Unknown","-N/A-","Saudi Arabia","genomic RNA","L","polymerase",6404,0.533666666666667,"50-90%","Asia","Middle East"
"68","Sudan 85-2010","Rift Valley fever phlebovirus","JQ820485","6404","-N/A-","10/2010","Human","Homo sapiens","Sudan","genomic RNA","L","polymerase",6404,0.533666666666667,"50-90%","Africa","Eastern Africa"
"69","200803170","Rift Valley fever phlebovirus","JF311376","6404","-N/A-","03/2008","Cattle","bovine","Madagascar","genomic RNA","L","polymerase",6404,0.533666666666667,"50-90%","Africa","Eastern Africa"
"70","Kenya 83 (21445)","Rift Valley fever phlebovirus","DQ375402","6404","-N/A-","1983","Unknown","-N/A-","Kenya","genomic RNA","L","polymerase",6404,0.533666666666667,"50-90%","Africa","Eastern Africa"
"71","Kenya-128b-15","Rift Valley fever phlebovirus","KX096938","6404","-N/A-","2006","Mosquito","Aedes ochraceus","Kenya","genomic RNA","L","polymerase",6404,0.533666666666667,"50-90%","Africa","Eastern Africa"
"72","Kenya 56 (IB8)","Rift Valley fever phlebovirus","DQ375427","6404","-N/A-","-N/A-","Unknown","-N/A-","Kenya","genomic RNA","L","polymerase",6404,0.533666666666667,"50-90%","Africa","Eastern Africa"
"73","ARD-38388","Rift Valley fever phlebovirus","DQ375399","6404","-N/A-","1983","Unknown","-N/A-","Burkina Faso","genomic RNA","L","polymerase",6404,0.533666666666667,"50-90%","Africa","Western Africa"
"74","200803164","Rift Valley fever phlebovirus","JF311370","6404","-N/A-","03/2008","Human","Homo sapiens","Madagascar","genomic RNA","L","polymerase",6404,0.533666666666667,"50-90%","Africa","Eastern Africa"
"75","200803166","Rift Valley fever phlebovirus","JF311372","6404","-N/A-","02/1991","Human","Homo sapiens","Madagascar","genomic RNA","L","polymerase",6404,0.533666666666667,"50-90%","Africa","Eastern Africa"
"76","KEN/Kil-006/07","Rift Valley fever phlebovirus","HM586955","6404","-N/A-","01/05/2007","Human","Homo sapiens","Kenya","genomic RNA","L","polymerase",6404,0.533666666666667,"50-90%","Africa","Eastern Africa"
"77","200803165","Rift Valley fever phlebovirus","JF311371","6404","-N/A-","03/2008","Human","Homo sapiens","Madagascar","genomic RNA","L","polymerase",6404,0.533666666666667,"50-90%","Africa","Eastern Africa"
"78","SAUDI 200010901","Rift Valley fever phlebovirus","KU978781","6441","-N/A-","08/25/2000","Human","Homo sapiens","Saudi Arabia","genomic RNA","L","hypothetical protein",6441,0.53675,"50-90%","Asia","Middle East"
"79","Kakamas","Rift Valley fever phlebovirus","JQ068144","6404","-N/A-","10/2009","Sheep","sheep","South Africa","viral cRNA","L","polymerase",6404,0.533666666666667,"50-90%","Africa","Southern Africa"
"80","CAR-R1622","Rift Valley fever phlebovirus","DQ375423","6404","-N/A-","1985","Unknown","-N/A-","Central African Republic","genomic RNA","L","polymerase",6404,0.533666666666667,"50-90%","Africa","Western Africa"
"81","200803168","Rift Valley fever phlebovirus","JF311374","6404","-N/A-","02/2008","Cattle","bovine","Madagascar","genomic RNA","L","polymerase",6404,0.533666666666667,"50-90%","Africa","Eastern Africa"
"82","ANK-6087","Rift Valley fever phlebovirus","DQ375421","6404","-N/A-","1984","Unknown","-N/A-","Guinea","genomic RNA","L","polymerase",6404,0.533666666666667,"50-90%","Africa","Western Africa"
"83","2007000234","Rift Valley fever phlebovirus","JF326186","6404","-N/A-","2007","Human","Homo sapiens","Kenya","genomic RNA","L","polymerase",6404,0.533666666666667,"50-90%","Africa","Eastern Africa"
"84","2008/00101","Rift Valley fever phlebovirus","HE687305","6404","-N/A-","03/20/2008","Human","Homo sapiens","French Southern and Antarctic Lands","genomic RNA","-N/A-","polymerase",6404,0.533666666666667,"50-90%",NA,NA
"85","2007000260","Rift Valley fever phlebovirus","JF326188","6404","-N/A-","12/31/2006","Mosquito","mosquito","Kenya","genomic RNA","L","polymerase",6404,0.533666666666667,"50-90%","Africa","Eastern Africa"
"86","SA-75","Rift Valley fever phlebovirus","DQ375428","6404","-N/A-","1975","Unknown","-N/A-","South Africa","genomic RNA","L","polymerase",6404,0.533666666666667,"50-90%","Africa","Southern Africa"
"87","35/74","Rift Valley fever phlebovirus","JF784386","6404","-N/A-","1974","Sheep","sheep","South Africa","viral cRNA","L","polymerase",6404,0.533666666666667,"50-90%","Africa","Southern Africa"
"88","ZINGA J83 R1","Rift Valley fever phlebovirus","KU978779","6453","-N/A-","01/01/1969","Human","Homo sapiens","Central African Republic","genomic RNA","L","hypothetical protein",6453,0.53775,"50-90%","Africa","Western Africa"
"89","2008/00099","Rift Valley fever phlebovirus","HE687304","6404","-N/A-","02/21/2008","Human","Homo sapiens","French Southern and Antarctic Lands","genomic RNA","-N/A-","polymerase",6404,0.533666666666667,"50-90%",NA,NA
"90","Entebbe","Rift Valley fever phlebovirus","DQ375429","6404","-N/A-","1944","Unknown","-N/A-","Uganda","genomic RNA","L","polymerase",6404,0.533666666666667,"50-90%","Africa","Eastern Africa"
"91","200803167","Rift Valley fever phlebovirus","JF311373","6404","-N/A-","02/1991","Cattle","bovine","Madagascar","genomic RNA","L","polymerase",6404,0.533666666666667,"50-90%","Africa","Eastern Africa"
"92","2007001292","Rift Valley fever phlebovirus","EU574019","6404","-N/A-","01/31/2007","Cattle","bovine","Kenya","genomic RNA","L","polymerase",6404,0.533666666666667,"50-90%","Africa","Eastern Africa"
"93","Smithburn","Rift Valley fever phlebovirus","DQ375430","6404","-N/A-","1944","Unknown","-N/A-","Uganda","genomic RNA","L","polymerase",6404,0.533666666666667,"50-90%","Africa","Eastern Africa"
"94","2007000253","Rift Valley fever phlebovirus","JF326187","6404","-N/A-","12/29/2006","Mosquito","mosquito","Kenya","genomic RNA","L","polymerase",6404,0.533666666666667,"50-90%","Africa","Eastern Africa"
"95","2007000323","Rift Valley fever phlebovirus","JF326189","6404","-N/A-","02/2007","Human","Homo sapiens","Tanzania","genomic RNA","L","polymerase",6404,0.533666666666667,"50-90%","Africa","Southern Africa"
"96","BJ01","Rift Valley fever phlebovirus","KX632066","6402","-N/A-","07/22/2016","Human","Homo sapiens","Angola","genomic RNA","L","polymerase",6402,0.5335,"50-90%","Africa","Southern Africa"
"97","2007001809","Rift Valley fever phlebovirus","EU574015","6404","-N/A-","12/01/2006","Goat","caprine","Kenya","genomic RNA","L","polymerase",6404,0.533666666666667,"50-90%","Africa","Eastern Africa"
"98","2007000094","Rift Valley fever phlebovirus","EU574029","6404","-N/A-","01/12/2007","Cattle","bovine","Kenya","genomic RNA","L","polymerase",6404,0.533666666666667,"50-90%","Africa","Eastern Africa"
"99","200803162","Rift Valley fever phlebovirus","JF311368","6404","-N/A-","01/2008","Human","Homo sapiens","Madagascar","genomic RNA","L","polymerase",6404,0.533666666666667,"50-90%","Africa","Eastern Africa"
"100","2007001443","Rift Valley fever phlebovirus","EU574018","6404","-N/A-","01/31/2007","Cattle","bovine","Kenya","genomic RNA","L","polymerase",6404,0.533666666666667,"50-90%","Africa","Eastern Africa"
"101","1853/78","Rift Valley fever phlebovirus","DQ375424","6404","-N/A-","1978","Unknown","-N/A-","Zimbabwe","genomic RNA","L","polymerase",6404,0.533666666666667,"50-90%","Africa","Southern Africa"
"102","Hv-B375","Rift Valley fever phlebovirus","DQ375422","6404","-N/A-","1985","Unknown","-N/A-","Central African Republic","genomic RNA","L","polymerase",6404,0.533666666666667,"50-90%","Africa","Western Africa"
"103","2007002060","Rift Valley fever phlebovirus","EU574013","6404","-N/A-","01/31/2007","Cattle","bovine","Kenya","genomic RNA","L","polymerase",6404,0.533666666666667,"50-90%","Africa","Eastern Africa"
"104","73HB1230","Rift Valley fever phlebovirus","DQ375425","6404","-N/A-","1973","Unknown","-N/A-","Central African Republic","genomic RNA","L","polymerase",6404,0.533666666666667,"50-90%","Africa","Western Africa"
"105","200803163","Rift Valley fever phlebovirus","JF311369","6404","-N/A-","02/2008","Human","Homo sapiens","Madagascar","genomic RNA","L","polymerase",6404,0.533666666666667,"50-90%","Africa","Eastern Africa"
"106","200803169","Rift Valley fever phlebovirus","JF311375","6404","-N/A-","02/2008","Cattle","bovine","Madagascar","genomic RNA","L","polymerase",6404,0.533666666666667,"50-90%","Africa","Eastern Africa"
"107","2007000324","Rift Valley fever phlebovirus","JF326190","6404","-N/A-","02/2007","Human","Homo sapiens","Tanzania","genomic RNA","L","polymerase",6404,0.533666666666667,"50-90%","Africa","Southern Africa"
"108","2373/74","Rift Valley fever phlebovirus","DQ375432","6404","-N/A-","1974","Unknown","-N/A-","Zimbabwe","genomic RNA","L","polymerase",6404,0.533666666666667,"50-90%","Africa","Southern Africa"
"109","2007002444","Rift Valley fever phlebovirus","EU574012","6404","-N/A-","02/05/2007","Cattle","bovine","Kenya","genomic RNA","L","polymerase",6404,0.533666666666667,"50-90%","Africa","Eastern Africa"
"110","ANK-3837","Rift Valley fever phlebovirus","DQ375420","6404","-N/A-","1981","Unknown","-N/A-","Guinea","genomic RNA","L","polymerase",6404,0.533666666666667,"50-90%","Africa","Western Africa"
"111","OS-8","Rift Valley fever phlebovirus","DQ375395","6404","-N/A-","1987","Unknown","-N/A-","Mauritania","genomic RNA","L","polymerase",6404,0.533666666666667,"50-90%","Africa","Western Africa"
"112","ZH-548","Rift Valley fever phlebovirus","DQ375403","6404","-N/A-","1977","Unknown","-N/A-","Egypt","genomic RNA","L","polymerase",6404,0.533666666666667,"50-90%","Africa","Northern Africa"
"113","Ken 199800523","Rift Valley fever phlebovirus","KU978780","6431","-N/A-","01/04/1998","Human","Homo sapiens","Kenya","genomic RNA","L","hypothetical protein",6431,0.535916666666667,"50-90%","Africa","Eastern Africa"
"114","OS-9","Rift Valley fever phlebovirus","DQ375397","6404","-N/A-","1987","Unknown","-N/A-","Mauritania","genomic RNA","L","polymerase",6404,0.533666666666667,"50-90%","Africa","Western Africa"
"115","TAN/Tan-001/07","Rift Valley fever phlebovirus","HM586959","6404","-N/A-","02/08/2007","Human","Homo sapiens","Tanzania","genomic RNA","L","polymerase",6404,0.533666666666667,"50-90%","Africa","Southern Africa"
"116","Beijing-01","Rift Valley fever phlebovirus","KX611605","6404","-N/A-","07/22/2016","Human","Homo sapiens","China","genomic RNA","L","polymerase",6404,0.533666666666667,"50-90%","Asia","China+"
"117","2007001811","Rift Valley fever phlebovirus","EU574014","6404","-N/A-","12/01/2006","Goat","caprine","Kenya","genomic RNA","L","polymerase",6404,0.533666666666667,"50-90%","Africa","Eastern Africa"
"118","SA01-1322","Rift Valley fever phlebovirus","KX096941","6404","-N/A-","2001","Mosquito","Aedes vexans arabiensis","Saudi Arabia","genomic RNA","L","polymerase",6404,0.533666666666667,"50-90%","Asia","Middle East"
"119","UNKNOWN-FV537372","Rift Valley fever phlebovirus","FV537372","6606","-N/A-","-N/A-","Unknown","-N/A-",NA,"unassigned DNA","-N/A-","NL",6606,0.5505,"50-90%",NA,NA
"120","2007000080","Rift Valley fever phlebovirus","EU574030","6404","-N/A-","01/12/2007","Cattle","bovine","Kenya","genomic RNA","L","polymerase",6404,0.533666666666667,"50-90%","Africa","Eastern Africa"
"121","KEN/Bar-035/07","Rift Valley fever phlebovirus","HM586958","6404","-N/A-","01/30/2007","Human","Homo sapiens","Kenya","genomic RNA","L","polymerase",6404,0.533666666666667,"50-90%","Africa","Eastern Africa"
"122","SA-51 (Van Wyck)","Rift Valley fever phlebovirus","DQ375433","6404","-N/A-","1951","Unknown","-N/A-","South Africa","genomic RNA","L","polymerase",6404,0.533666666666667,"50-90%","Africa","Southern Africa"
"123","2007000608","Rift Valley fever phlebovirus","EU574023","6404","-N/A-","01/29/2007","Cattle","bovine","Kenya","genomic RNA","L","polymerase",6404,0.533666666666667,"50-90%","Africa","Eastern Africa"
"124","UNKNOWN-FV537370","Rift Valley fever phlebovirus","FV537370","6606","-N/A-","-N/A-","Unknown","-N/A-",NA,"unassigned DNA","-N/A-","NL",6606,0.5505,"50-90%",NA,NA
"125","UNKNOWN-FV537371","Rift Valley fever phlebovirus","FV537371","6606","-N/A-","-N/A-","Unknown","-N/A-",NA,"unassigned DNA","-N/A-","NL",6606,0.5505,"50-90%",NA,NA
"126","KEN/Bar-032/07","Rift Valley fever phlebovirus","HM586957","6404","-N/A-","02/03/2007","Human","Homo sapiens","Kenya","genomic RNA","L","polymerase",6404,0.533666666666667,"50-90%","Africa","Eastern Africa"
"127","2007000222","Rift Valley fever phlebovirus","EU574028","6404","-N/A-","01/16/2007","Cattle","bovine","Kenya","genomic RNA","L","polymerase",6404,0.533666666666667,"50-90%","Africa","Eastern Africa"
"128","2007001107","Rift Valley fever phlebovirus","EU574020","6404","-N/A-","01/25/2007","Cattle","bovine","Kenya","genomic RNA","L","polymerase",6404,0.533666666666667,"50-90%","Africa","Eastern Africa"
"129","2007001602","Rift Valley fever phlebovirus","EU574016","6404","-N/A-","01/30/2007","Cattle","bovine","Kenya","genomic RNA","L","polymerase",6404,0.533666666666667,"50-90%","Africa","Eastern Africa"
"130","BIME-01","Rift Valley fever phlebovirus","KX609031","6404","-N/A-","07/21/2016","Human","Homo sapiens","China","genomic RNA","L","polymerase",6404,0.533666666666667,"50-90%","Asia","China+"
"131","2007001564","Rift Valley fever phlebovirus","EU574017","6404","-N/A-","01/29/2007","Cattle","bovine","Kenya","genomic RNA","L","polymerase",6404,0.533666666666667,"50-90%","Africa","Eastern Africa"
"132","ZH-548","Rift Valley fever phlebovirus","NC_014397*","6404","-N/A-","1977","Unknown","-N/A-","Egypt","genomic RNA","L","polymerase",6404,0.533666666666667,"50-90%","Africa","Northern Africa"
"133","M48/08","Rift Valley fever phlebovirus","KX944866","6404","-N/A-","2008","Cattle","bovine","Madagascar","genomic RNA","L","polymerase",6404,0.533666666666667,"50-90%","Africa","Eastern Africa"
"134","M57/74","Rift Valley fever phlebovirus","KX944867","6280","-N/A-","1974","Unknown","unknown","South Africa","genomic RNA","L","polymerase",6280,0.523333333333333,"50-90%","Africa","Southern Africa"
"135","M66/09","Rift Valley fever phlebovirus","KX944868","6333","-N/A-","2009","Cattle","bovine","South Africa","genomic RNA","L","polymerase",6333,0.52775,"50-90%","Africa","Southern Africa"
"136","M80/08/2","Rift Valley fever phlebovirus","KX944869","6392","-N/A-","2008","Cattle","bovine","South Africa","genomic RNA","L","polymerase",6392,0.532666666666667,"50-90%","Africa","Southern Africa"
"137","M84/08","Rift Valley fever phlebovirus","KX944870","6360","-N/A-","2008","Cattle","bovine","South Africa","genomic RNA","L","polymerase",6360,0.53,"50-90%","Africa","Southern Africa"
"138","M85/08","Rift Valley fever phlebovirus","KX944871","6397","-N/A-","2008","Cattle","bovine","South Africa","genomic RNA","L","polymerase",6397,0.533083333333333,"50-90%","Africa","Southern Africa"
"139","M06/10","Rift Valley fever phlebovirus","KX944849","6380","-N/A-","2010","Cattle","bovine","South Africa","genomic RNA","L","polymerase",6380,0.531666666666667,"50-90%","Africa","Southern Africa"
"140","M12/10","Rift Valley fever phlebovirus","KX944850","6329","-N/A-","2010","Sheep","ovine","South Africa","genomic RNA","L","polymerase",6329,0.527416666666667,"50-90%","Africa","Southern Africa"
"141","M127/09","Rift Valley fever phlebovirus","KX944851","6404","-N/A-","2009","Cattle","bovine","South Africa","genomic RNA","L","polymerase",6404,0.533666666666667,"50-90%","Africa","Southern Africa"
"142","M16/10","Rift Valley fever phlebovirus","KX944852","6403","-N/A-","2010","Sheep","ovine","South Africa","genomic RNA","L","polymerase",6403,0.533583333333333,"50-90%","Africa","Southern Africa"
"143","M19/10","Rift Valley fever phlebovirus","KX944853","6294","-N/A-","2010","Sheep","ovine","South Africa","genomic RNA","L","polymerase",6294,0.5245,"50-90%","Africa","Southern Africa"
"144","M1955","Rift Valley fever phlebovirus","KX944854","6373","-N/A-","1955","Unknown","unknown","South Africa","genomic RNA","L","polymerase",6373,0.531083333333333,"50-90%","Africa","Southern Africa"
"145","M1975/Bov","Rift Valley fever phlebovirus","KX944855","6388","-N/A-","1975","Cattle","bovine","South Africa","genomic RNA","L","polymerase",6388,0.532333333333333,"50-90%","Africa","Southern Africa"
"146","M21/10","Rift Valley fever phlebovirus","KX944856","6329","-N/A-","2010","Sheep","ovine","South Africa","genomic RNA","L","polymerase",6329,0.527416666666667,"50-90%","Africa","Southern Africa"
"147","M247/09","Rift Valley fever phlebovirus","KX944857","6390","-N/A-","2009","Sheep","ovine","South Africa","genomic RNA","L","polymerase",6390,0.5325,"50-90%","Africa","Southern Africa"
"148","M25/10","Rift Valley fever phlebovirus","KX944858","6398","-N/A-","2010","Sheep","ovine","South Africa","genomic RNA","L","polymerase",6398,0.533166666666667,"50-90%","Africa","Southern Africa"
"149","M259/09","Rift Valley fever phlebovirus","KX944859","6403","-N/A-","2009","Cattle","bovine","South Africa","genomic RNA","L","polymerase",6403,0.533583333333333,"50-90%","Africa","Southern Africa"
"150","M260/09","Rift Valley fever phlebovirus","KX944860","6390","-N/A-","2009","Cattle","bovine","South Africa","genomic RNA","L","polymerase",6390,0.5325,"50-90%","Africa","Southern Africa"
"151","M29/10","Rift Valley fever phlebovirus","KX944861","6393","-N/A-","2010","Cattle","bovine","South Africa","genomic RNA","L","polymerase",6393,0.53275,"50-90%","Africa","Southern Africa"
"152","M33/10","Rift Valley fever phlebovirus","KX944862","6404","-N/A-","2010","Sheep","ovine","South Africa","genomic RNA","L","polymerase",6404,0.533666666666667,"50-90%","Africa","Southern Africa"
"153","M37/08","Rift Valley fever phlebovirus","KX944863","6404","-N/A-","2008","Buffalo","Buffalo","South Africa","genomic RNA","L","polymerase",6404,0.533666666666667,"50-90%","Africa","Southern Africa"
"154","M39/08","Rift Valley fever phlebovirus","KX944864","6404","-N/A-","2008","Buffalo","Buffalo","South Africa","genomic RNA","L","polymerase",6404,0.533666666666667,"50-90%","Africa","Southern Africa"
"155","M47/08","Rift Valley fever phlebovirus","KX944865","6404","-N/A-","2008","Cattle","bovine","South Africa","genomic RNA","L","polymerase",6404,0.533666666666667,"50-90%","Africa","Southern Africa"
"156","CFIA-UAP","Rift Valley fever phlebovirus","MH175203","6401","-N/A-","-N/A-","Human","Homo sapiens",NA,"viral cRNA","L","polymerase",6401,0.533416666666667,"50-90%",NA,NA
"157","RVFV-BJ01-Sera-6d/2016","Rift Valley fever phlebovirus","MG649050","6395","-N/A-","06/21/2016","Human","Homo sapiens","China","genomic RNA","L","polymerase",6395,0.532916666666667,"50-90%","Asia","China+"
"158","RVFV-BJ01-Sera-7d/2016","Rift Valley fever phlebovirus","MG649051","6400","-N/A-","06/22/2016","Human","Homo sapiens","China","genomic RNA","L","polymerase",6400,0.533333333333333,"50-90%","Asia","China+"
"159","RVFV-BJ01-Sera-8d/2016","Rift Valley fever phlebovirus","MG649052","6402","-N/A-","06/23/2016","Human","Homo sapiens","China","genomic RNA","L","polymerase",6402,0.5335,"50-90%","Asia","China+"
"160","RVFV-BJ01-Urine-11d/2016","Rift Valley fever phlebovirus","MG649053","6389","-N/A-","06/26/2016","Human","Homo sapiens","China","genomic RNA","L","polymerase",6389,0.532416666666667,"50-90%","Asia","China+"
"161","201601287","Rift Valley fever phlebovirus","MG953423","6227","-N/A-","03/15/2016","Human","Homo sapiens","Uganda","genomic RNA","L","polymerase",6227,0.518916666666667,"50-90%","Africa","Eastern Africa"
"162","201601502","Rift Valley fever phlebovirus","MG953421","6366","-N/A-","06/09/2016","Human","Homo sapiens","Uganda","genomic RNA","L","polymerase",6366,0.5305,"50-90%","Africa","Eastern Africa"
"163","201601292","Rift Valley fever phlebovirus","MG953422","6373","-N/A-","03/15/2016","Human","Homo sapiens","Uganda","genomic RNA","L","polymerase",6373,0.531083333333333,"50-90%","Africa","Eastern Africa"
"164","BeAn24262","Rift Valley fever phlebovirus","MK330768","6423","-N/A-","10/1960","Rodent","rodent","Brazil","viral cRNA","L","RNA-dependent RNA polymerase",6423,0.53525,"50-90%","South America","Brazil"
"165","201707025","Rift Valley fever phlebovirus","MG972978","6332","-N/A-","12/07/2017","Human","Homo sapiens","Uganda","genomic RNA","L","polymerase",6332,0.527666666666667,"50-90%","Africa","Eastern Africa"
"166","201707023","Rift Valley fever phlebovirus","MG972975","6397","-N/A-","11/16/2017","Human","Homo sapiens","Uganda","genomic RNA","L","polymerase",6397,0.533083333333333,"50-90%","Africa","Eastern Africa"
"167","201707024","Rift Valley fever phlebovirus","MG972972","6321","-N/A-","11/21/2017","Human","Homo sapiens","Uganda","genomic RNA","L","polymerase",6321,0.52675,"50-90%","Africa","Eastern Africa"
"168","RV2613-1/RSA/2018","Rift Valley fever phlebovirus","MK134834","6404","-N/A-","05/14/2018","Sheep","ovine","South Africa","genomic RNA","L","polymerase",6404,0.533666666666667,"50-90%","Africa","Southern Africa"
"169","RV2613-2/RSA/2018","Rift Valley fever phlebovirus","MK134835","6404","-N/A-","05/14/2018","Sheep","ovine","South Africa","genomic RNA","L","polymerase",6404,0.533666666666667,"50-90%","Africa","Southern Africa"
"170","RV2613-3/RSA/2018","Rift Valley fever phlebovirus","MK134836","6404","-N/A-","05/14/2018","Sheep","ovine","South Africa","genomic RNA","L","polymerase",6404,0.533666666666667,"50-90%","Africa","Southern Africa"
"171","SPU105/10","Rift Valley fever phlebovirus","KY126665","6404","-N/A-","2010","Human","Homo sapiens","South Africa","genomic RNA","L","polymerase",6404,0.533666666666667,"50-90%","Africa","Southern Africa"
"172","SA129/10","Rift Valley fever phlebovirus","KY126666","6404","-N/A-","2010","Human","Homo sapiens","South Africa","genomic RNA","L","polymerase",6404,0.533666666666667,"50-90%","Africa","Southern Africa"
"173","SPU162/10","Rift Valley fever phlebovirus","KY126667","6404","-N/A-","2010","Human","Homo sapiens","South Africa","genomic RNA","L","polymerase",6404,0.533666666666667,"50-90%","Africa","Southern Africa"
"174","SA184/10","Rift Valley fever phlebovirus","KY126668","6404","-N/A-","2010","Human","Homo sapiens","South Africa","genomic RNA","L","polymerase",6404,0.533666666666667,"50-90%","Africa","Southern Africa"
"175","SA275/10","Rift Valley fever phlebovirus","KY126669","6404","-N/A-","2010","Human","Homo sapiens","South Africa","genomic RNA","L","polymerase",6404,0.533666666666667,"50-90%","Africa","Southern Africa"
"176","SA276/10","Rift Valley fever phlebovirus","KY126670","6404","-N/A-","2010","Human","Homo sapiens","South Africa","genomic RNA","L","polymerase",6404,0.533666666666667,"50-90%","Africa","Southern Africa"
"177","SA573/10","Rift Valley fever phlebovirus","KY126671","6404","-N/A-","2010","Human","Homo sapiens","South Africa","genomic RNA","L","polymerase",6404,0.533666666666667,"50-90%","Africa","Southern Africa"
"178","SA982/10","Rift Valley fever phlebovirus","KY126672","6404","-N/A-","2010","Human","Homo sapiens","South Africa","genomic RNA","L","polymerase",6404,0.533666666666667,"50-90%","Africa","Southern Africa"
"179","SA1094/10","Rift Valley fever phlebovirus","KY126673","6404","-N/A-","2010","Human","Homo sapiens","South Africa","genomic RNA","L","polymerase",6404,0.533666666666667,"50-90%","Africa","Southern Africa"
"180","SA1222/10","Rift Valley fever phlebovirus","KY126674","6404","-N/A-","2010","Human","Homo sapiens","South Africa","genomic RNA","L","polymerase",6404,0.533666666666667,"50-90%","Africa","Southern Africa"
"181","SA1796/10","Rift Valley fever phlebovirus","KY126675","6404","-N/A-","2010","Human","Homo sapiens","South Africa","genomic RNA","L","polymerase",6404,0.533666666666667,"50-90%","Africa","Southern Africa"
"182","SA354/11","Rift Valley fever phlebovirus","KY126676","6404","-N/A-","2011","Human","Homo sapiens","South Africa","genomic RNA","L","polymerase",6404,0.533666666666667,"50-90%","Africa","Southern Africa"
"183","SA494/11","Rift Valley fever phlebovirus","KY126677","6404","-N/A-","2011","Human","Homo sapiens","South Africa","genomic RNA","L","polymerase",6404,0.533666666666667,"50-90%","Africa","Southern Africa"
"184","SPU77/04","Rift Valley fever phlebovirus","KY126678","6404","-N/A-","2004","Human","Homo sapiens","Namibia","genomic RNA","L","polymerase",6404,0.533666666666667,"50-90%","Africa","Southern Africa"
"185","SPU77/08","Rift Valley fever phlebovirus","KY126679","6404","-N/A-","2008","Bovine","African buffalo","South Africa","genomic RNA","L","polymerase",6404,0.533666666666667,"50-90%","Africa","Southern Africa"
"186","J40/6","Rift Valley fever phlebovirus","KY126680","6404","-N/A-","2008","Bovine","African buffalo","South Africa","genomic RNA","L","polymerase",6404,0.533666666666667,"50-90%","Africa","Southern Africa"
"187","SPU142/08","Rift Valley fever phlebovirus","KY126681","6404","-N/A-","2008","Cattle","bovine","South Africa","genomic RNA","L","polymerase",6404,0.533666666666667,"50-90%","Africa","Southern Africa"
"188","SPU152/08","Rift Valley fever phlebovirus","KY126682","6404","-N/A-","2008","Human","Homo sapiens","South Africa","genomic RNA","L","polymerase",6404,0.533666666666667,"50-90%","Africa","Southern Africa"
"189","SPU86/09","Rift Valley fever phlebovirus","KY126683","6404","-N/A-","2009","Cattle","bovine","South Africa","genomic RNA","L","polymerase",6404,0.533666666666667,"50-90%","Africa","Southern Africa"
"190","SPU404/09","Rift Valley fever phlebovirus","KY126684","6404","-N/A-","2009","Human","Homo sapiens","South Africa","genomic RNA","L","polymerase",6404,0.533666666666667,"50-90%","Africa","Southern Africa"
"191","Ar74","Rift Valley fever phlebovirus","KY126685","6404","-N/A-","1955","Mosquito","Aedes circumluteolus","South Africa","genomic RNA","L","polymerase",6404,0.533666666666667,"50-90%","Africa","Southern Africa"
"192","An1830","Rift Valley fever phlebovirus","KY126686","6404","-N/A-","1956","Sheep","ovine","South Africa","genomic RNA","L","polymerase",6404,0.533666666666667,"50-90%","Africa","Southern Africa"
"193","Ar12568","Rift Valley fever phlebovirus","KY126687","6404","-N/A-","1971","Mosquito","Eretmapodites quinquevittatus","South Africa","genomic RNA","L","polymerase",6404,0.533666666666667,"50-90%","Africa","Southern Africa"
"194","Ar20364","Rift Valley fever phlebovirus","KY126688","6404","-N/A-","1981","Mosquito","Culex zombaensis","South Africa","genomic RNA","L","polymerase",6404,0.533666666666667,"50-90%","Africa","Southern Africa"
"195","SPU52/99/1","Rift Valley fever phlebovirus","KY126689","6404","-N/A-","1999","Bovine","African buffalo","South Africa","genomic RNA","L","polymerase",6404,0.533666666666667,"50-90%","Africa","Southern Africa"
"196","SH326064","Rift Valley fever phlebovirus","MZ513011","6376","-N/A-","2020","Human","Homo sapiens","Senegal","genomic RNA","L","NL",6376,0.531333333333333,"50-90%","Africa","Western Africa"
"197","SH327052","Rift Valley fever phlebovirus","MZ513012","6400","-N/A-","2020","Human","Homo sapiens","Senegal","genomic RNA","L","NL",6400,0.533333333333333,"50-90%","Africa","Western Africa"
"198","SH328056","Rift Valley fever phlebovirus","MZ513013","6292","-N/A-","2020","Human","Homo sapiens","Senegal","genomic RNA","L","NL",6292,0.524333333333333,"50-90%","Africa","Western Africa"
"199","ZH501","Rift Valley fever phlebovirus","OK573010","7535","-N/A-","-N/A-","Unknown","-N/A-","United States of America","genomic RNA","other","NL",7535,0.627916666666667,"50-90%","North America","USA"
