"","Strain Name","Virus Species","GenBank Accession","Sequence Length","Pango Genome Lineage","Collection Date","Year","Host","GenBank Host","Country","Mol Type","seq_length","seq_coverage","cov_categories","Continent","Continent_Region"
"1","Ross low-psg","Chikungunya virus","HM045811","11775","-N/A-","02/22/1953",1953-02-22,"Human","Homo sapiens","Tanzania","genomic RNA",11775,0.98125,">90%","Africa","Southern Africa"
"2","'Vereeniging'","Chikungunya virus","HM045792","11836","-N/A-","04/1956",1956-04-01,"Human","Homo sapiens","South Africa","genomic RNA",11836,0.986333333333333,">90%","Africa","Southern Africa"
"3","A301","Chikungunya virus","HM045821","11823","-N/A-","03/20/1963",1963-03-20,"Bat","Chiroptera","Senegal","genomic RNA",11823,0.98525,">90%","Africa","Western Africa"
"4","IbH35","Chikungunya virus","HM045786","11844","-N/A-","07/07/1964",1964-07-07,"Human","Homo sapiens","Nigeria","genomic RNA",11844,0.987,">90%","Africa","Western Africa"
"5","IbAn4824","Chikungunya virus","HM045807","11843","-N/A-","04/13/1965",1965-04-13,"Mouse","sentinel mouse","Nigeria","genomic RNA",11843,0.986916666666667,">90%","Africa","Western Africa"
"6","SH2830","Chikungunya virus","HM045798","11832","-N/A-","11/1966",1966-11-01,"Human","Homo sapiens","Senegal","genomic RNA",11832,0.986,">90%","Africa","Western Africa"
"7","PM2951","Chikungunya virus","HM045785","11844","-N/A-","11/1966",1966-11-01,"Mosquito","Aedes aegypti","Senegal","genomic RNA",11844,0.987,">90%","Africa","Western Africa"
"8","SH 3013","Chikungunya virus","HM045816","11823","-N/A-","11/23/1966",1966-11-23,"Human","Homo sapiens","Senegal","genomic RNA",11823,0.98525,">90%","Africa","Western Africa"
"9","ArB6445","Chikungunya virus","KY038946","11805","-N/A-","06/1975",1975-06-01,"Insect","Aedes opok","Central African Republic","genomic RNA",11805,0.98375,">90%","Africa","Western Africa"
"10","ArB6445","Chikungunya virus","KF925286","918","-N/A-","06/16/1975",1975-06-16,"Insect","Aedes opok","Central African Republic","genomic RNA",918,0.0765,"0-50%","Africa","Western Africa"
"11","ArB6445","Chikungunya virus","KF925301","718","-N/A-","06/16/1975",1975-06-16,"Insect","Aedes opok","Central African Republic","genomic RNA",718,0.0598333333333333,"0-50%","Africa","Western Africa"
"12","A6508","Chikungunya virus","KF925287","943","-N/A-","06/20/1975",1975-06-20,"Mosquito","Aedes africanus","Central African Republic","genomic RNA",943,0.0785833333333333,"0-50%","Africa","Western Africa"
"13","A6508","Chikungunya virus","KF925302","708","-N/A-","06/20/1975",1975-06-20,"Mosquito","Aedes africanus","Central African Republic","genomic RNA",708,0.059,"0-50%","Africa","Western Africa"
"14","ArB10238","Chikungunya virus","KF925304","718","-N/A-","08/24/1978",1978-08-24,"Insect","Aedes opok","Central African Republic","genomic RNA",718,0.0598333333333333,"0-50%","Africa","Western Africa"
"15","ArB10238","Chikungunya virus","KF925289","943","-N/A-","08/24/1978",1978-08-24,"Insect","Aedes opok","Central African Republic","genomic RNA",943,0.0785833333333333,"0-50%","Africa","Western Africa"
"16","ArB10262","Chikungunya virus","KF925303","708","-N/A-","08/25/1978",1978-08-25,"Mosquito","Aedes africanus","Central African Republic","genomic RNA",708,0.059,"0-50%","Africa","Western Africa"
"17","ArB10262","Chikungunya virus","KF925288","927","-N/A-","08/25/1978",1978-08-25,"Mosquito","Aedes africanus","Central African Republic","genomic RNA",927,0.07725,"0-50%","Africa","Western Africa"
"18","HB78P613","Chikungunya virus","KF925297","938","-N/A-","09/01/1978",1978-09-01,"Human","Homo sapiens","Central African Republic","genomic RNA",938,0.0781666666666667,"0-50%","Africa","Western Africa"
"19","HB78P613","Chikungunya virus","KF925312","712","-N/A-","09/01/1978",1978-09-01,"Human","Homo sapiens","Central African Republic","genomic RNA",712,0.0593333333333333,"0-50%","Africa","Western Africa"
"20","HB78","Chikungunya virus","HM045822","11753","-N/A-","10/1978",1978-10-01,"Human","Homo sapiens","Central African Republic","genomic RNA",11753,0.979416666666667,">90%","Africa","Western Africa"
"21","ArD 30237","Chikungunya virus","HM045815","11823","-N/A-","02/1979",1979-02-01,"Mosquito","Aedes luteocephalus","Senegal","genomic RNA",11823,0.98525,">90%","Africa","Western Africa"
"22","ArB16753","Chikungunya virus","KF925292","932","-N/A-","11/18/1980",1980-11-18,"Mosquito","Aedes africanus","Central African Republic","genomic RNA",932,0.0776666666666667,"0-50%","Africa","Western Africa"
"23","ArB16753","Chikungunya virus","KF925307","716","-N/A-","11/18/1980",1980-11-18,"Mosquito","Aedes africanus","Central African Republic","genomic RNA",716,0.0596666666666667,"0-50%","Africa","Western Africa"
"24","ArB18945","Chikungunya virus","KF925291","943","-N/A-","07/21/1981",1981-07-21,"Insect","Aedes opok","Central African Republic","genomic RNA",943,0.0785833333333333,"0-50%","Africa","Western Africa"
"25","ArB18945","Chikungunya virus","KF925306","709","-N/A-","07/21/1981",1981-07-21,"Insect","Aedes opok","Central African Republic","genomic RNA",709,0.0590833333333333,"0-50%","Africa","Western Africa"
"26","ArB18816","Chikungunya virus","KF925305","713","-N/A-","08/01/1981",1981-08-01,"Mosquito","Aedes africanus","Central African Republic","genomic RNA",713,0.0594166666666667,"0-50%","Africa","Western Africa"
"27","ArB18816","Chikungunya virus","KF925290","943","-N/A-","08/01/1981",1981-08-01,"Mosquito","Aedes africanus","Central African Republic","genomic RNA",943,0.0785833333333333,"0-50%","Africa","Western Africa"
"28","ArA 2657","Chikungunya virus","HM045818","11823","-N/A-","09/1981",1981-09-01,"Mosquito","Aedes luteocephalus","Ivory Coast","genomic RNA",11823,0.98525,">90%","Africa","Western Africa"
"29","UgAg4155","Chikungunya virus","HM045812","11774","-N/A-","29952",1982-01-01,"Human","Homo sapiens","Uganda","genomic RNA",11774,0.981166666666667,">90%","Africa","Eastern Africa"
"30","HB82P18","Chikungunya virus","KF925310","716","-N/A-","02/16/1982",1982-02-16,"Human","Homo sapiens","Central African Republic","genomic RNA",716,0.0596666666666667,"0-50%","Africa","Western Africa"
"31","HB82P18","Chikungunya virus","KF925295","941","-N/A-","02/16/1982",1982-02-16,"Human","Homo sapiens","Central African Republic","genomic RNA",941,0.0784166666666667,"0-50%","Africa","Western Africa"
"32","CHIKV/Aedes furcifer/SEN/37937/1983","Chikungunya virus","KX262986","11707","-N/A-","30317",1983-01-01,"Mosquito","Aedes furcifer","Senegal","genomic RNA",11707,0.975583333333333,">90%","Africa","Western Africa"
"33","Chikungunya virus/A.furcifer-wt/Senegal/1983/37997","Chikungunya virus","MK028837","12197","-N/A-","30317",1983-01-01,"Mosquito","Aedes furcifer","Senegal","genomic RNA",12197,1.01641666666667,">90%","Africa","Western Africa"
"34","CHIKV/Aedes furcifer/SEN/37950/1983","Chikungunya virus","KX262995","11715","-N/A-","07/10/1983",1983-07-10,"Mosquito","Aedes furcifer","Senegal","genomic RNA",11715,0.97625,">90%","Africa","Western Africa"
"35","HB84P07","Chikungunya virus","KY038947","11786","-N/A-","12/1983",1983-12-01,"Human","Homo sapiens","Central African Republic","genomic RNA",11786,0.982166666666667,">90%","Africa","Western Africa"
"36","HB84P07","Chikungunya virus","KF925296","928","-N/A-","12/20/1983",1983-12-20,"Human","Homo sapiens","Central African Republic","genomic RNA",928,0.0773333333333333,"0-50%","Africa","Western Africa"
"37","HB84P07","Chikungunya virus","KF925311","716","-N/A-","12/20/1983",1983-12-20,"Human","Homo sapiens","Central African Republic","genomic RNA",716,0.0596666666666667,"0-50%","Africa","Western Africa"
"38","ArB20599","Chikungunya virus","KF925308","712","-N/A-","03/20/1984",1984-03-20,"Mosquito","Mansonia africana","Central African Republic","genomic RNA",712,0.0593333333333333,"0-50%","Africa","Western Africa"
"39","ArB20599","Chikungunya virus","KF925293","945","-N/A-","03/20/1984",1984-03-20,"Mosquito","Mansonia africana","Central African Republic","genomic RNA",945,0.07875,"0-50%","Africa","Western Africa"
"40","HB84P93","Chikungunya virus","KF925298","954","-N/A-","04/15/1984",1984-04-15,"Human","Homo sapiens","Central African Republic","genomic RNA",954,0.0795,"0-50%","Africa","Western Africa"
"41","HB84P93","Chikungunya virus","KF925313","713","-N/A-","04/15/1984",1984-04-15,"Human","Homo sapiens","Central African Republic","genomic RNA",713,0.0594166666666667,"0-50%","Africa","Western Africa"
"42","HB84P127","Chikungunya virus","KF925315","707","-N/A-","04/15/1984",1984-04-15,"Human","Homo sapiens","Central African Republic","genomic RNA",707,0.0589166666666667,"0-50%","Africa","Western Africa"
"43","HB84P119","Chikungunya virus","KF925299","943","-N/A-","04/15/1984",1984-04-15,"Human","Homo sapiens","Central African Republic","genomic RNA",943,0.0785833333333333,"0-50%","Africa","Western Africa"
"44","HB84P127","Chikungunya virus","KF925300","943","-N/A-","04/15/1984",1984-04-15,"Human","Homo sapiens","Central African Republic","genomic RNA",943,0.0785833333333333,"0-50%","Africa","Western Africa"
"45","HB84P119","Chikungunya virus","KF925314","718","-N/A-","04/15/1984",1984-04-15,"Human","Homo sapiens","Central African Republic","genomic RNA",718,0.0598333333333333,"0-50%","Africa","Western Africa"
"46","ArB20636","Chikungunya virus","KF925294","923","-N/A-","04/24/1984",1984-04-24,"Mosquito","Mansonia africana","Central African Republic","genomic RNA",923,0.0769166666666667,"0-50%","Africa","Western Africa"
"47","ArB20636","Chikungunya virus","KF925309","700","-N/A-","04/24/1984",1984-04-24,"Mosquito","Mansonia africana","Central African Republic","genomic RNA",700,0.0583333333333333,"0-50%","Africa","Western Africa"
"48","DakAr B 16878","Chikungunya virus","HM045784","11772","-N/A-","11/19/1984",1984-11-19,"Mosquito","Anopheles (Ceilia) funestus","Central African Republic","genomic RNA",11772,0.981,">90%","Africa","Western Africa"
"49","ArD 93229","Chikungunya virus","HM045819","11860","-N/A-","02/1993",1993-02-01,"Mosquito","Aedes dalzieli","Senegal","genomic RNA",11860,0.988333333333333,">90%","Africa","Western Africa"
"50","ArA 30548","Chikungunya virus","HM045820","11817","-N/A-","12/1993",1993-12-01,"Mosquito","Aedes africanus","Ivory Coast","genomic RNA",11817,0.98475,">90%","Africa","Western Africa"
"51","L2","Chikungunya virus","KF283986","11537","-N/A-","38353",2005-01-01,"Human","Homo sapiens","Comoros","genomic RNA",11537,0.961416666666667,">90%","Africa","Eastern Africa"
"52","S7","Chikungunya virus","KF283987","11712","-N/A-","38353",2005-01-01,"Human","Homo sapiens","Comoros","genomic RNA",11712,0.976,">90%","Africa","Eastern Africa"
"53","Com5","Chikungunya virus","KP702297","11171","-N/A-","38353",2005-01-01,"Human","Homo sapiens","Comoros","genomic RNA",11171,0.930916666666667,">90%","Africa","Eastern Africa"
"54","Chikungunya virus/A.aegypti-wt/Comoros/2005/Com125","Chikungunya virus","MK028836","11839","-N/A-","38353",2005-01-01,"Mosquito","Aedes aegypti","Comoros","genomic RNA",11839,0.986583333333333,">90%","Africa","Eastern Africa"
"55","HD 180760","Chikungunya virus","HM045817","11832","-N/A-","11/2005",2005-11-01,"Human","Homo sapiens","Senegal","genomic RNA",11832,0.986,">90%","Africa","Western Africa"
"56","BNI-CHIKV_899","Chikungunya virus","FJ959103","11832","-N/A-","38718",2006-01-01,"Human","Homo sapiens","Mauritius","genomic RNA",11832,0.986,">90%","Africa","Eastern Africa"
"57","MADOPY1","Chikungunya virus","KP003808","11562","-N/A-","38718",2006-01-01,"Human","Homo sapiens","Madagascar","genomic RNA",11562,0.9635,">90%","Africa","Eastern Africa"
"58","BNI1162","Chikungunya virus","GU434109","1269","-N/A-","38718",2006-01-01,"Human","Homo sapiens","Seychelles","genomic RNA",1269,0.10575,"0-50%","Africa","Eastern Africa"
"59","Chik Cam 7079","Chikungunya virus","EF051584","1202","-N/A-","38718",2006-01-01,"Human","Homo sapiens","Cameroon","genomic RNA",1202,0.100166666666667,"0-50%","Africa","Western Africa"
"60","BNI4590","Chikungunya virus","GU434111","1269","-N/A-","38718",2006-01-01,"Human","Homo sapiens","Mauritius","genomic RNA",1269,0.10575,"0-50%","Africa","Eastern Africa"
"61","BNI902","Chikungunya virus","GU434102","1269","-N/A-","38718",2006-01-01,"Human","Homo sapiens","Mauritius","genomic RNA",1269,0.10575,"0-50%","Africa","Eastern Africa"
"62","BNI236","Chikungunya virus","GU434101","1263","-N/A-","38718",2006-01-01,"Human","Homo sapiens","Seychelles","genomic RNA",1263,0.10525,"0-50%","Africa","Eastern Africa"
"63","BNI1074","Chikungunya virus","GU434105","1269","-N/A-","38718",2006-01-01,"Human","Homo sapiens","Mauritius","genomic RNA",1269,0.10575,"0-50%","Africa","Eastern Africa"
"64","BNI1446","Chikungunya virus","GU434106","1269","-N/A-","38718",2006-01-01,"Human","Homo sapiens","Mauritius","genomic RNA",1269,0.10575,"0-50%","Africa","Eastern Africa"
"65","BNI2998","Chikungunya virus","GU434112","1269","-N/A-","38718",2006-01-01,"Human","Homo sapiens","Mauritius","genomic RNA",1269,0.10575,"0-50%","Africa","Eastern Africa"
"66","BNI297","Chikungunya virus","GU434103","1269","-N/A-","38718",2006-01-01,"Human","Homo sapiens","Seychelles","genomic RNA",1269,0.10575,"0-50%","Africa","Eastern Africa"
"67","BNI1463","Chikungunya virus","GU434110","1269","-N/A-","38718",2006-01-01,"Human","Homo sapiens","Mauritius","genomic RNA",1269,0.10575,"0-50%","Africa","Eastern Africa"
"68","CHIKV/Homo sapiens/CMR/667/2006","Chikungunya virus","KX262996","11570","-N/A-","38718",2006-01-01,"Human","Homo sapiens","Cameroon","genomic RNA",11570,0.964166666666667,">90%","Africa","Western Africa"
"69","06113879","Chikungunya virus","MH229986","11929","-N/A-","38718",2006-01-01,"Unknown","-N/A-","Mauritius","genomic RNA",11929,0.994083333333333,">90%","Africa","Eastern Africa"
"70","TM25","Chikungunya virus","EU564334","11772","-N/A-","02/14/2006",2006-02-14,"Human","Homo sapiens","Mauritius","genomic RNA",11772,0.981,">90%","Africa","Eastern Africa"
"71","D586/06","Chikungunya virus","EF193853","570","-N/A-","03/2006",2006-03-01,"Human","Homo sapiens","Mauritius","genomic RNA",570,0.0475,"0-50%","Africa","Eastern Africa"
"72","D933/06","Chikungunya virus","EF193854","570","-N/A-","04/2006",2006-04-01,"Human","Homo sapiens","Seychelles","genomic RNA",570,0.0475,"0-50%","Africa","Eastern Africa"
"73","D1355/06","Chikungunya virus","EF193855","570","-N/A-","05/2006",2006-05-01,"Human","Homo sapiens","Mauritius","genomic RNA",570,0.0475,"0-50%","Africa","Eastern Africa"
"74","Madagascar 166/07","Chikungunya virus","EU244646","923","-N/A-","39083",2007-01-01,"Human","Homo sapiens","Madagascar","genomic RNA",923,0.0769166666666667,"0-50%","Africa","Eastern Africa"
"75","GA_CHIKV","Chikungunya virus","JX080286","688","-N/A-","39083",2007-01-01,"Human","Homo sapiens","Gabon","genomic RNA",688,0.0573333333333333,"0-50%","Africa","Western Africa"
"76","GABOPY1","Chikungunya virus","KP003812","11561","-N/A-","39083",2007-01-01,"Human","Homo sapiens","Gabon","genomic RNA",11561,0.963416666666667,">90%","Africa","Western Africa"
"77","8847","Chikungunya virus","EF613342","1101","-N/A-","39083",2007-01-01,"Human","Homo sapiens","Gabon","genomic RNA",1101,0.09175,"0-50%","Africa","Western Africa"
"78","8849","Chikungunya virus","EF613344","1129","-N/A-","39083",2007-01-01,"Human","Homo sapiens","Gabon","genomic RNA",1129,0.0940833333333333,"0-50%","Africa","Western Africa"
"79","8848","Chikungunya virus","EF613343","1100","-N/A-","39083",2007-01-01,"Human","Homo sapiens","Gabon","genomic RNA",1100,0.0916666666666667,"0-50%","Africa","Western Africa"
"80","UNKNOWN-EU403052","Chikungunya virus","EU403052","1253","-N/A-","07/2007",2007-07-01,"Mosquito","Aedes albopictus","Gabon","genomic RNA",1253,0.104416666666667,"0-50%","Africa","Western Africa"
"81","ArD196168","Chikungunya virus","JQ943698","1293","-N/A-","39448",2008-01-01,"Unknown","-N/A-","Senegal","genomic RNA",1293,0.10775,"0-50%","Africa","Western Africa"
"82","N009309","Chikungunya virus","JQ943716","1284","-N/A-","39814",2009-01-01,"Human","Homo sapiens","Senegal","genomic RNA",1284,0.107,"0-50%","Africa","Western Africa"
"83","PM201813","Chikungunya virus","JQ943693","1293","-N/A-","39814",2009-01-01,"Mosquito","mosquito","Senegal","genomic RNA",1293,0.10775,"0-50%","Africa","Western Africa"
"84","PM200828","Chikungunya virus","JQ943705","1293","-N/A-","39814",2009-01-01,"Mosquito","mosquito","Senegal","genomic RNA",1293,0.10775,"0-50%","Africa","Western Africa"
"85","PM201822","Chikungunya virus","JQ943695","1317","-N/A-","39814",2009-01-01,"Mosquito","mosquito","Senegal","genomic RNA",1317,0.10975,"0-50%","Africa","Western Africa"
"86","Ke005609","Chikungunya virus","JQ943717","1242","-N/A-","39814",2009-01-01,"Human","Homo sapiens","Senegal","genomic RNA",1242,0.1035,"0-50%","Africa","Western Africa"
"87","PM201651","Chikungunya virus","JQ943711","1293","-N/A-","39814",2009-01-01,"Mosquito","mosquito","Senegal","genomic RNA",1293,0.10775,"0-50%","Africa","Western Africa"
"88","PM201727","Chikungunya virus","JQ943704","1293","-N/A-","39814",2009-01-01,"Mosquito","mosquito","Senegal","genomic RNA",1293,0.10775,"0-50%","Africa","Western Africa"
"89","B013909","Chikungunya virus","JQ943720","1233","-N/A-","39814",2009-01-01,"Human","Homo sapiens","Senegal","genomic RNA",1233,0.10275,"0-50%","Africa","Western Africa"
"90","PM202037","Chikungunya virus","JQ943699","1293","-N/A-","39814",2009-01-01,"Mosquito","mosquito","Senegal","genomic RNA",1293,0.10775,"0-50%","Africa","Western Africa"
"91","PM200905","Chikungunya virus","JQ943706","1293","-N/A-","39814",2009-01-01,"Mosquito","mosquito","Senegal","genomic RNA",1293,0.10775,"0-50%","Africa","Western Africa"
"92","PM201881","Chikungunya virus","JQ943690","1293","-N/A-","39814",2009-01-01,"Mosquito","mosquito","Senegal","genomic RNA",1293,0.10775,"0-50%","Africa","Western Africa"
"93","PM201819","Chikungunya virus","JQ943694","1293","-N/A-","39814",2009-01-01,"Mosquito","mosquito","Senegal","genomic RNA",1293,0.10775,"0-50%","Africa","Western Africa"
"94","K003809","Chikungunya virus","JQ943715","1254","-N/A-","39814",2009-01-01,"Human","Homo sapiens","Senegal","genomic RNA",1254,0.1045,"0-50%","Africa","Western Africa"
"95","PM201701","Chikungunya virus","JQ943703","1293","-N/A-","39814",2009-01-01,"Mosquito","mosquito","Senegal","genomic RNA",1293,0.10775,"0-50%","Africa","Western Africa"
"96","K007909","Chikungunya virus","JQ943718","1245","-N/A-","39814",2009-01-01,"Human","Homo sapiens","Senegal","genomic RNA",1245,0.10375,"0-50%","Africa","Western Africa"
"97","K006709","Chikungunya virus","JQ943713","1311","-N/A-","39814",2009-01-01,"Human","Homo sapiens","Senegal","genomic RNA",1311,0.10925,"0-50%","Africa","Western Africa"
"98","PM200916","Chikungunya virus","JQ943710","1293","-N/A-","39814",2009-01-01,"Mosquito","mosquito","Senegal","genomic RNA",1293,0.10775,"0-50%","Africa","Western Africa"
"99","PM200765","Chikungunya virus","JQ943707","1293","-N/A-","39814",2009-01-01,"Mosquito","mosquito","Senegal","genomic RNA",1293,0.10775,"0-50%","Africa","Western Africa"
"100","B014309","Chikungunya virus","JQ943719","1242","-N/A-","39814",2009-01-01,"Human","Homo sapiens","Senegal","genomic RNA",1242,0.1035,"0-50%","Africa","Western Africa"
"101","PM203827","Chikungunya virus","JQ943696","1293","-N/A-","39814",2009-01-01,"Mosquito","mosquito","Senegal","genomic RNA",1293,0.10775,"0-50%","Africa","Western Africa"
"102","PM202067","Chikungunya virus","JQ943701","1293","-N/A-","39814",2009-01-01,"Mosquito","mosquito","Senegal","genomic RNA",1293,0.10775,"0-50%","Africa","Western Africa"
"103","PM200844","Chikungunya virus","JQ943708","1293","-N/A-","39814",2009-01-01,"Mosquito","mosquito","Senegal","genomic RNA",1293,0.10775,"0-50%","Africa","Western Africa"
"104","PM200900","Chikungunya virus","JQ943687","1317","-N/A-","39814",2009-01-01,"Mosquito","mosquito","Senegal","genomic RNA",1317,0.10975,"0-50%","Africa","Western Africa"
"105","PM201991","Chikungunya virus","JQ943691","1293","-N/A-","39814",2009-01-01,"Mosquito","mosquito","Senegal","genomic RNA",1293,0.10775,"0-50%","Africa","Western Africa"
"106","PM203816","Chikungunya virus","JQ943688","1293","-N/A-","39814",2009-01-01,"Mosquito","mosquito","Senegal","genomic RNA",1293,0.10775,"0-50%","Africa","Western Africa"
"107","PM200862","Chikungunya virus","JQ943709","1293","-N/A-","39814",2009-01-01,"Mosquito","mosquito","Senegal","genomic RNA",1293,0.10775,"0-50%","Africa","Western Africa"
"108","PM201811","Chikungunya virus","JQ943692","1293","-N/A-","39814",2009-01-01,"Mosquito","mosquito","Senegal","genomic RNA",1293,0.10775,"0-50%","Africa","Western Africa"
"109","PM202059","Chikungunya virus","JQ943700","1293","-N/A-","39814",2009-01-01,"Mosquito","mosquito","Senegal","genomic RNA",1293,0.10775,"0-50%","Africa","Western Africa"
"110","PM201800","Chikungunya virus","JQ943712","1317","-N/A-","39814",2009-01-01,"Mosquito","mosquito","Senegal","genomic RNA",1317,0.10975,"0-50%","Africa","Western Africa"
"111","K006809","Chikungunya virus","JQ943714","1245","-N/A-","39814",2009-01-01,"Human","Homo sapiens","Senegal","genomic RNA",1245,0.10375,"0-50%","Africa","Western Africa"
"112","PM200904","Chikungunya virus","JQ943697","1293","-N/A-","39814",2009-01-01,"Mosquito","mosquito","Senegal","genomic RNA",1293,0.10775,"0-50%","Africa","Western Africa"
"113","PM203817","Chikungunya virus","JQ943702","1317","-N/A-","39814",2009-01-01,"Mosquito","mosquito","Senegal","genomic RNA",1317,0.10975,"0-50%","Africa","Western Africa"
"114","PM201841","Chikungunya virus","JQ943689","1293","-N/A-","39814",2009-01-01,"Mosquito","mosquito","Senegal","genomic RNA",1293,0.10775,"0-50%","Africa","Western Africa"
"115","GA12-1","Chikungunya virus","JX080287","691","-N/A-","40179",2010-01-01,"Human","Homo sapiens","Gabon","genomic RNA",691,0.0575833333333333,"0-50%","Africa","Western Africa"
"116","GA3-18","Chikungunya virus","JX080288","691","-N/A-","40179",2010-01-01,"Human","Homo sapiens","Gabon","genomic RNA",691,0.0575833333333333,"0-50%","Africa","Western Africa"
"117","PREDICT_GVF-CM-ECO50751","Chikungunya virus","MK355076","134","-N/A-","01/28/2010",2010-01-28,"Monkey","Papio hamadryas","Cameroon","genomic RNA",134,0.0111666666666667,"0-50%","Africa","Western Africa"
"118","BRAZZA_MRS1","Chikungunya virus","KP003813","11268","-N/A-","40544",2011-01-01,"Human","Homo sapiens","Republic of the Congo","genomic RNA",11268,0.939,">90%","Africa","Western Africa"
"119","13V-2798_CHIK","Chikungunya virus","KJ508819","921","-N/A-","05/20/2013",2013-05-20,"Human","Homo sapiens","Cameroon","genomic RNA",921,0.07675,"0-50%","Africa","Western Africa"
"120","13V-2713_CHIK","Chikungunya virus","KJ508820","921","-N/A-","05/24/2013",2013-05-24,"Human","Homo sapiens","Cameroon","genomic RNA",921,0.07675,"0-50%","Africa","Western Africa"
"121","13V-2980_CHIK","Chikungunya virus","KJ508821","921","-N/A-","05/26/2013",2013-05-26,"Human","Homo sapiens","Cameroon","genomic RNA",921,0.07675,"0-50%","Africa","Western Africa"
"122","CHIKV_2014_Angola","Chikungunya virus","AB908054","292","-N/A-","01/14/2014",2014-01-14,"Human","Homo sapiens","Angola","genomic RNA",292,0.0243333333333333,"0-50%","Africa","Southern Africa"
"123","KLF_67114","Chikungunya virus","MT526803","11788","-N/A-","05/23/2014",2014-05-23,"Human","Homo sapiens","Kenya","genomic RNA",11788,0.982333333333333,">90%","Africa","Eastern Africa"
"124","KLF_69219","Chikungunya virus","MT526802","11789","-N/A-","08/20/2014",2014-08-20,"Human","Homo sapiens","Kenya","genomic RNA",11789,0.982416666666667,">90%","Africa","Eastern Africa"
"125","KLF_75443","Chikungunya virus","MT526801","11792","-N/A-","09/02/2015",2015-09-02,"Human","Homo sapiens","Kenya","genomic RNA",11792,0.982666666666667,">90%","Africa","Eastern Africa"
"126","KLF_3200","Chikungunya virus","MT526807","11797","-N/A-","01/26/2016",2016-01-26,"Human","Homo sapiens","Kenya","genomic RNA",11797,0.983083333333333,">90%","Africa","Eastern Africa"
"127","02-05-16","Chikungunya virus","MG902894","1159","-N/A-","05/07/2016",2016-05-07,"Human","Homo sapiens","Kenya","genomic RNA",1159,0.0965833333333333,"0-50%","Africa","Eastern Africa"
"128","03-05-16","Chikungunya virus","MG902895","1159","-N/A-","05/07/2016",2016-05-07,"Human","Homo sapiens","Kenya","genomic RNA",1159,0.0965833333333333,"0-50%","Africa","Eastern Africa"
"129","04-05-16","Chikungunya virus","MG902896","1161","-N/A-","05/07/2016",2016-05-07,"Human","Homo sapiens","Kenya","genomic RNA",1161,0.09675,"0-50%","Africa","Eastern Africa"
"130","05-05-16","Chikungunya virus","MG902897","1156","-N/A-","05/07/2016",2016-05-07,"Human","Homo sapiens","Kenya","genomic RNA",1156,0.0963333333333333,"0-50%","Africa","Eastern Africa"
"131","06-05-16","Chikungunya virus","MG902898","1156","-N/A-","05/07/2016",2016-05-07,"Human","Homo sapiens","Kenya","genomic RNA",1156,0.0963333333333333,"0-50%","Africa","Eastern Africa"
"132","027_16_S43","Chikungunya virus","MH423797","11562","-N/A-","05/07/2016",2016-05-07,"Human","Homo sapiens","Kenya","genomic RNA",11562,0.9635,">90%","Africa","Eastern Africa"
"133","028_16_S54","Chikungunya virus","MH423807","7052","-N/A-","05/07/2016",2016-05-07,"Human","Homo sapiens","Kenya","genomic RNA",7052,0.587666666666667,"50-90%","Africa","Eastern Africa"
"134","09-05-16","Chikungunya virus","MG902899","1159","-N/A-","05/08/2016",2016-05-08,"Human","Homo sapiens","Kenya","genomic RNA",1159,0.0965833333333333,"0-50%","Africa","Eastern Africa"
"135","031_16_S65","Chikungunya virus","MH423798","11513","-N/A-","05/08/2016",2016-05-08,"Human","Homo sapiens","Kenya","genomic RNA",11513,0.959416666666667,">90%","Africa","Eastern Africa"
"136","032_16_S73","Chikungunya virus","MH423808","7104","-N/A-","05/08/2016",2016-05-08,"Human","Homo sapiens","Kenya","genomic RNA",7104,0.592,"50-90%","Africa","Eastern Africa"
"137","CHIKV/Hu/Angola/NIID54/2016","Chikungunya virus","LC259094","11825","-N/A-","05/11/2016",2016-05-11,"Human","Homo sapiens","Angola","genomic RNA",11825,0.985416666666667,">90%","Africa","Southern Africa"
"138","17-05-16","Chikungunya virus","MG902901","1151","-N/A-","05/13/2016",2016-05-13,"Human","Homo sapiens","Kenya","genomic RNA",1151,0.0959166666666667,"0-50%","Africa","Eastern Africa"
"139","12-05-16","Chikungunya virus","MG902900","1161","-N/A-","05/17/2016",2016-05-17,"Human","Homo sapiens","Kenya","genomic RNA",1161,0.09675,"0-50%","Africa","Eastern Africa"
"140","19-05-16","Chikungunya virus","MG902902","1153","-N/A-","05/17/2016",2016-05-17,"Human","Homo sapiens","Kenya","genomic RNA",1153,0.0960833333333333,"0-50%","Africa","Eastern Africa"
"141","20-05-16","Chikungunya virus","MG902903","1158","-N/A-","05/19/2016",2016-05-19,"Human","Homo sapiens","Kenya","genomic RNA",1158,0.0965,"0-50%","Africa","Eastern Africa"
"142","21-05-16","Chikungunya virus","MG902904","1153","-N/A-","05/24/2016",2016-05-24,"Human","Homo sapiens","Kenya","genomic RNA",1153,0.0960833333333333,"0-50%","Africa","Eastern Africa"
"143","24-05-16","Chikungunya virus","MG902905","1156","-N/A-","05/24/2016",2016-05-24,"Human","Homo sapiens","Kenya","genomic RNA",1156,0.0963333333333333,"0-50%","Africa","Eastern Africa"
"144","28-05-16","Chikungunya virus","MG902906","1156","-N/A-","05/31/2016",2016-05-31,"Human","Homo sapiens","Kenya","genomic RNA",1156,0.0963333333333333,"0-50%","Africa","Eastern Africa"
"145","057_16_S15","Chikungunya virus","MH423799","11535","-N/A-","05/31/2016",2016-05-31,"Human","Homo sapiens","Kenya","genomic RNA",11535,0.96125,">90%","Africa","Eastern Africa"
"146","058_16_S33","Chikungunya virus","MH423800","11472","-N/A-","05/31/2016",2016-05-31,"Human","Homo sapiens","Kenya","genomic RNA",11472,0.956,">90%","Africa","Eastern Africa"
"147","063_16_S44","Chikungunya virus","MH423801","11528","-N/A-","05/31/2016",2016-05-31,"Human","Homo sapiens","Kenya","genomic RNA",11528,0.960666666666667,">90%","Africa","Eastern Africa"
"148","068_16_S55","Chikungunya virus","MH423802","11572","-N/A-","05/31/2016",2016-05-31,"Human","Homo sapiens","Kenya","genomic RNA",11572,0.964333333333333,">90%","Africa","Eastern Africa"
"149","086_16_S25","Chikungunya virus","MH423803","11547","-N/A-","05/31/2016",2016-05-31,"Human","Homo sapiens","Kenya","genomic RNA",11547,0.96225,">90%","Africa","Eastern Africa"
"150","069_16_S66","Chikungunya virus","MH423809","6762","-N/A-","05/31/2016",2016-05-31,"Human","Homo sapiens","Kenya","genomic RNA",6762,0.5635,"50-90%","Africa","Eastern Africa"
"151","082_16_S16","Chikungunya virus","MH423810","10718","-N/A-","05/31/2016",2016-05-31,"Human","Homo sapiens","Kenya","genomic RNA",10718,0.893166666666667,"50-90%","Africa","Eastern Africa"
"152","070_16_S74","Chikungunya virus","MH423811","3661","-N/A-","05/31/2016",2016-05-31,"Human","Homo sapiens","Kenya","genomic RNA",3661,0.305083333333333,"0-50%","Africa","Eastern Africa"
"153","087_16_S34","Chikungunya virus","MH423804","11530","-N/A-","06/01/2016",2016-06-01,"Human","Homo sapiens","Kenya","genomic RNA",11530,0.960833333333333,">90%","Africa","Eastern Africa"
"154","100_16_S56","Chikungunya virus","MH423805","11515","-N/A-","06/01/2016",2016-06-01,"Human","Homo sapiens","Kenya","genomic RNA",11515,0.959583333333333,">90%","Africa","Eastern Africa"
"155","106_16_S75","Chikungunya virus","MH423806","11443","-N/A-","06/01/2016",2016-06-01,"Human","Homo sapiens","Kenya","genomic RNA",11443,0.953583333333333,">90%","Africa","Eastern Africa"
"156","73-06-16","Chikungunya virus","MG902907","1161","-N/A-","06/02/2016",2016-06-02,"Human","Homo sapiens","Kenya","genomic RNA",1161,0.09675,"0-50%","Africa","Eastern Africa"
"157","74-06-16","Chikungunya virus","MG902908","1159","-N/A-","06/02/2016",2016-06-02,"Human","Homo sapiens","Kenya","genomic RNA",1159,0.0965833333333333,"0-50%","Africa","Eastern Africa"
"158","75-06-16","Chikungunya virus","MG902909","1159","-N/A-","06/02/2016",2016-06-02,"Human","Homo sapiens","Kenya","genomic RNA",1159,0.0965833333333333,"0-50%","Africa","Eastern Africa"
"159","76-06-16","Chikungunya virus","MG902910","1159","-N/A-","06/02/2016",2016-06-02,"Human","Homo sapiens","Kenya","genomic RNA",1159,0.0965833333333333,"0-50%","Africa","Eastern Africa"
"160","90-06-16","Chikungunya virus","MG902911","1157","-N/A-","06/07/2016",2016-06-07,"Human","Homo sapiens","Kenya","genomic RNA",1157,0.0964166666666667,"0-50%","Africa","Eastern Africa"
"161","CAM/2016/Yaounde","Chikungunya virus","MT666072","11562","-N/A-","10/20/2016",2016-10-20,"Human","Homo sapiens","Cameroon","genomic RNA",11562,0.9635,">90%","Africa","Western Africa"
"162","KLF_4908","Chikungunya virus","MT526806","11790","-N/A-","04/03/2017",2017-04-03,"Human","Homo sapiens","Kenya","genomic RNA",11790,0.9825,">90%","Africa","Eastern Africa"
"163","KLF_5188","Chikungunya virus","MT526805","11785","-N/A-","07/19/2017",2017-07-19,"Human","Homo sapiens","Kenya","genomic RNA",11785,0.982083333333333,">90%","Africa","Eastern Africa"
"164","232_12_17","Chikungunya virus","MT380161","11514","-N/A-","12/2017",2017-12-01,"Human","Homo sapiens","Kenya","genomic RNA",11514,0.9595,">90%","Africa","Eastern Africa"
"165","KLF_5514","Chikungunya virus","MT526804","11787","-N/A-","12/05/2017",2017-12-05,"Human","Homo sapiens","Kenya","genomic RNA",11787,0.98225,">90%","Africa","Eastern Africa"
"166","KLF_84548","Chikungunya virus","MT526800","11831","-N/A-","12/13/2017",2017-12-13,"Human","Homo sapiens","Kenya","genomic RNA",11831,0.985916666666667,">90%","Africa","Eastern Africa"
"167","226_01_18","Chikungunya virus","MT380148","10637","-N/A-","43101",2018-01-01,"Human","Homo sapiens","Kenya","genomic RNA",10637,0.886416666666667,"50-90%","Africa","Eastern Africa"
"168","225_01_18","Chikungunya virus","MT380149","10579","-N/A-","43101",2018-01-01,"Human","Homo sapiens","Kenya","genomic RNA",10579,0.881583333333333,"50-90%","Africa","Eastern Africa"
"169","322_01_18","Chikungunya virus","MT380150","10632","-N/A-","43101",2018-01-01,"Human","Homo sapiens","Kenya","genomic RNA",10632,0.886,"50-90%","Africa","Eastern Africa"
"170","215_01_18","Chikungunya virus","MT380151","10624","-N/A-","43101",2018-01-01,"Human","Homo sapiens","Kenya","genomic RNA",10624,0.885333333333333,"50-90%","Africa","Eastern Africa"
"171","285_01_18","Chikungunya virus","MT380152","10592","-N/A-","43101",2018-01-01,"Human","Homo sapiens","Kenya","genomic RNA",10592,0.882666666666667,"50-90%","Africa","Eastern Africa"
"172","272_01_18","Chikungunya virus","MT380153","10618","-N/A-","43101",2018-01-01,"Human","Homo sapiens","Kenya","genomic RNA",10618,0.884833333333333,"50-90%","Africa","Eastern Africa"
"173","VH49_R_1869","Chikungunya virus","MT992066","829","-N/A-","43101",2018-01-01,"Mosquito","mosquito","Kenya","genomic RNA",829,0.0690833333333333,"0-50%","Africa","Eastern Africa"
"174","VH50_R_1604","Chikungunya virus","MT992067","829","-N/A-","43101",2018-01-01,"Mosquito","mosquito","Kenya","genomic RNA",829,0.0690833333333333,"0-50%","Africa","Eastern Africa"
"175","VH51_R_1528","Chikungunya virus","MT992068","829","-N/A-","43101",2018-01-01,"Mosquito","mosquito","Kenya","genomic RNA",829,0.0690833333333333,"0-50%","Africa","Eastern Africa"
"176","KLF_84717","Chikungunya virus","MT526799","11788","-N/A-","01/03/2018",2018-01-03,"Human","Homo sapiens","Kenya","genomic RNA",11788,0.982333333333333,">90%","Africa","Eastern Africa"
"177","KLF_84807","Chikungunya virus","MT526798","11802","-N/A-","01/12/2018",2018-01-12,"Human","Homo sapiens","Kenya","genomic RNA",11802,0.9835,">90%","Africa","Eastern Africa"
"178","MSA_057","Chikungunya virus","MT526796","10725","-N/A-","01/15/2018",2018-01-15,"Human","Homo sapiens","Kenya","genomic RNA",10725,0.89375,"50-90%","Africa","Eastern Africa"
"179","013_02_18","Chikungunya virus","MT380146","10616","-N/A-","02/2018",2018-02-01,"Human","Homo sapiens","Kenya","genomic RNA",10616,0.884666666666667,"50-90%","Africa","Eastern Africa"
"180","027_02_18","Chikungunya virus","MT380147","10602","-N/A-","02/2018",2018-02-01,"Human","Homo sapiens","Kenya","genomic RNA",10602,0.8835,"50-90%","Africa","Eastern Africa"
"181","064_04_18","Chikungunya virus","MT380154","10630","-N/A-","04/2018",2018-04-01,"Human","Homo sapiens","Kenya","genomic RNA",10630,0.885833333333333,"50-90%","Africa","Eastern Africa"
"182","065_04_18","Chikungunya virus","MT380155","10588","-N/A-","04/2018",2018-04-01,"Human","Homo sapiens","Kenya","genomic RNA",10588,0.882333333333333,"50-90%","Africa","Eastern Africa"
"183","083_04_18","Chikungunya virus","MT380156","10575","-N/A-","04/2018",2018-04-01,"Human","Homo sapiens","Kenya","genomic RNA",10575,0.88125,"50-90%","Africa","Eastern Africa"
"184","091_04_18","Chikungunya virus","MT380160","10659","-N/A-","04/2018",2018-04-01,"Human","Homo sapiens","Kenya","genomic RNA",10659,0.88825,"50-90%","Africa","Eastern Africa"
"185","062_04_18","Chikungunya virus","MT380162","10564","-N/A-","04/2018",2018-04-01,"Human","Homo sapiens","Kenya","genomic RNA",10564,0.880333333333333,"50-90%","Africa","Eastern Africa"
"186","012_05_18","Chikungunya virus","MT380157","10547","-N/A-","05/2018",2018-05-01,"Human","Homo sapiens","Kenya","genomic RNA",10547,0.878916666666667,"50-90%","Africa","Eastern Africa"
"187","014_05_18","Chikungunya virus","MT380158","10554","-N/A-","05/2018",2018-05-01,"Human","Homo sapiens","Kenya","genomic RNA",10554,0.8795,"50-90%","Africa","Eastern Africa"
"188","022_05_18","Chikungunya virus","MT380159","10574","-N/A-","05/2018",2018-05-01,"Human","Homo sapiens","Kenya","genomic RNA",10574,0.881166666666667,"50-90%","Africa","Eastern Africa"
"189","KLF_148987","Chikungunya virus","MT526797","11343","-N/A-","05/15/2018",2018-05-15,"Human","Homo sapiens","Kenya","genomic RNA",11343,0.94525,">90%","Africa","Eastern Africa"
"190","CAM/2018/Mfuo","Chikungunya virus","MT666073","11562","-N/A-","06/28/2018",2018-06-28,"Human","Homo sapiens","Cameroon","genomic RNA",11562,0.9635,">90%","Africa","Western Africa"
"191","S5_SDG","Chikungunya virus","LC461588","184","-N/A-","08/15/2018",2018-08-15,"Human","Homo sapiens","Sudan","genomic RNA",184,0.0153333333333333,"0-50%","Africa","Eastern Africa"
"192","15_SDG","Chikungunya virus","LC461589","184","-N/A-","08/15/2018",2018-08-15,"Human","Homo sapiens","Sudan","genomic RNA",184,0.0153333333333333,"0-50%","Africa","Eastern Africa"
"193","16_SDG","Chikungunya virus","LC461590","184","-N/A-","08/17/2018",2018-08-17,"Human","Homo sapiens","Sudan","genomic RNA",184,0.0153333333333333,"0-50%","Africa","Eastern Africa"
"194","19_SDG","Chikungunya virus","LC461591","184","-N/A-","08/17/2018",2018-08-17,"Human","Homo sapiens","Sudan","genomic RNA",184,0.0153333333333333,"0-50%","Africa","Eastern Africa"
"195","75_SDG","Chikungunya virus","LC461592","184","-N/A-","08/19/2018",2018-08-19,"Human","Homo sapiens","Sudan","genomic RNA",184,0.0153333333333333,"0-50%","Africa","Eastern Africa"
"196","130_SDG","Chikungunya virus","LC461593","184","-N/A-","08/19/2018",2018-08-19,"Human","Homo sapiens","Sudan","genomic RNA",184,0.0153333333333333,"0-50%","Africa","Eastern Africa"
"197","160_SDG","Chikungunya virus","LC461594","184","-N/A-","08/21/2018",2018-08-21,"Human","Homo sapiens","Sudan","genomic RNA",184,0.0153333333333333,"0-50%","Africa","Eastern Africa"
"198","190_SDG","Chikungunya virus","LC461595","184","-N/A-","08/21/2018",2018-08-21,"Human","Homo sapiens","Sudan","genomic RNA",184,0.0153333333333333,"0-50%","Africa","Eastern Africa"
"199","9_SDG","Chikungunya virus","LC461596","184","-N/A-","08/23/2018",2018-08-23,"Human","Homo sapiens","Sudan","genomic RNA",184,0.0153333333333333,"0-50%","Africa","Eastern Africa"
"200","J_SDG","Chikungunya virus","LC461597","184","-N/A-","08/23/2018",2018-08-23,"Human","Homo sapiens","Sudan","genomic RNA",184,0.0153333333333333,"0-50%","Africa","Eastern Africa"
"201","CAM/2018/Yaounde","Chikungunya virus","MT666071","11561","-N/A-","09/17/2018",2018-09-17,"Human","Homo sapiens","Cameroon","genomic RNA",11561,0.963416666666667,">90%","Africa","Western Africa"
"202","PHE-2018-Ex-Sudan","Chikungunya virus","MK163628","11508","-N/A-","10/2018",2018-10-01,"Human","Homo sapiens","Sudan","genomic RNA",11508,0.959,">90%","Africa","Eastern Africa"
"203","CHIKV/Sudan103/2018","Chikungunya virus","MW161364","11045","-N/A-","10/2018",2018-10-01,"Human","Homo sapiens","Sudan","genomic RNA",11045,0.920416666666667,">90%","Africa","Eastern Africa"
"204","CHIKV/Sudan104/2018","Chikungunya virus","MW161365","11237","-N/A-","10/2018",2018-10-01,"Human","Homo sapiens","Sudan","genomic RNA",11237,0.936416666666667,">90%","Africa","Eastern Africa"
"205","CHIKV/Sudan110/2018","Chikungunya virus","MW161366","11237","-N/A-","10/2018",2018-10-01,"Human","Homo sapiens","Sudan","genomic RNA",11237,0.936416666666667,">90%","Africa","Eastern Africa"
"206","CHIKV/Sudan112/2018","Chikungunya virus","MW161367","11237","-N/A-","10/2018",2018-10-01,"Human","Homo sapiens","Sudan","genomic RNA",11237,0.936416666666667,">90%","Africa","Eastern Africa"
"207","CHIKV/Sudan114/2018","Chikungunya virus","MW161368","11237","-N/A-","10/2018",2018-10-01,"Human","Homo sapiens","Sudan","genomic RNA",11237,0.936416666666667,">90%","Africa","Eastern Africa"
"208","CHIKV/Sudan116/2018","Chikungunya virus","MW161369","10554","-N/A-","10/2018",2018-10-01,"Human","Homo sapiens","Sudan","genomic RNA",10554,0.8795,"50-90%","Africa","Eastern Africa"
"209","CHIKV/Sudan117/2018","Chikungunya virus","MW161370","11237","-N/A-","10/2018",2018-10-01,"Human","Homo sapiens","Sudan","genomic RNA",11237,0.936416666666667,">90%","Africa","Eastern Africa"
"210","CHIKV/Sudan118/2018","Chikungunya virus","MW161371","11084","-N/A-","10/2018",2018-10-01,"Human","Homo sapiens","Sudan","genomic RNA",11084,0.923666666666667,">90%","Africa","Eastern Africa"
"211","CHIKV/Sudan122/2018","Chikungunya virus","MW161372","11237","-N/A-","10/2018",2018-10-01,"Human","Homo sapiens","Sudan","genomic RNA",11237,0.936416666666667,">90%","Africa","Eastern Africa"
"212","CHIKV/Sudan124/2018","Chikungunya virus","MW161373","11237","-N/A-","10/2018",2018-10-01,"Human","Homo sapiens","Sudan","genomic RNA",11237,0.936416666666667,">90%","Africa","Eastern Africa"
"213","CHIKV/Sudan125/2018","Chikungunya virus","MW161374","9893","-N/A-","10/2018",2018-10-01,"Human","Homo sapiens","Sudan","genomic RNA",9893,0.824416666666667,"50-90%","Africa","Eastern Africa"
"214","CHIKV/Sudan126/2018","Chikungunya virus","MW161375","11237","-N/A-","10/2018",2018-10-01,"Human","Homo sapiens","Sudan","genomic RNA",11237,0.936416666666667,">90%","Africa","Eastern Africa"
"215","CHIKV/Sudan127/2018","Chikungunya virus","MW161376","10741","-N/A-","10/2018",2018-10-01,"Human","Homo sapiens","Sudan","genomic RNA",10741,0.895083333333333,"50-90%","Africa","Eastern Africa"
"216","CHIKV/Sudan128/2018","Chikungunya virus","MW161377","10618","-N/A-","10/2018",2018-10-01,"Human","Homo sapiens","Sudan","genomic RNA",10618,0.884833333333333,"50-90%","Africa","Eastern Africa"
"217","CHIKV/Sudan130/2018","Chikungunya virus","MW161378","10887","-N/A-","10/2018",2018-10-01,"Human","Homo sapiens","Sudan","genomic RNA",10887,0.90725,">90%","Africa","Eastern Africa"
"218","CHIKV/Sudan132/2018","Chikungunya virus","MW161379","10717","-N/A-","10/2018",2018-10-01,"Human","Homo sapiens","Sudan","genomic RNA",10717,0.893083333333333,"50-90%","Africa","Eastern Africa"
"219","CHIKV/Sudan141/2018","Chikungunya virus","MW161380","11237","-N/A-","10/2018",2018-10-01,"Human","Homo sapiens","Sudan","genomic RNA",11237,0.936416666666667,">90%","Africa","Eastern Africa"
"220","CHIKV/Sudan144/2018","Chikungunya virus","MW161381","11234","-N/A-","10/2018",2018-10-01,"Human","Homo sapiens","Sudan","genomic RNA",11234,0.936166666666667,">90%","Africa","Eastern Africa"
"221","CHIKV/Sudan150/2018","Chikungunya virus","MW161382","11237","-N/A-","10/2018",2018-10-01,"Human","Homo sapiens","Sudan","genomic RNA",11237,0.936416666666667,">90%","Africa","Eastern Africa"
"222","CHIKV/Sudan151/2018","Chikungunya virus","MW161383","11237","-N/A-","10/2018",2018-10-01,"Human","Homo sapiens","Sudan","genomic RNA",11237,0.936416666666667,">90%","Africa","Eastern Africa"
"223","CHIKV/Sudan152/2018","Chikungunya virus","MW161384","11237","-N/A-","10/2018",2018-10-01,"Human","Homo sapiens","Sudan","genomic RNA",11237,0.936416666666667,">90%","Africa","Eastern Africa"
"224","CHIKV/Sudan153/2018","Chikungunya virus","MW161385","11237","-N/A-","10/2018",2018-10-01,"Human","Homo sapiens","Sudan","genomic RNA",11237,0.936416666666667,">90%","Africa","Eastern Africa"
"225","CHIKV/Sudan154/2018","Chikungunya virus","MW161386","10991","-N/A-","10/2018",2018-10-01,"Human","Homo sapiens","Sudan","genomic RNA",10991,0.915916666666667,">90%","Africa","Eastern Africa"
"226","CHIKV/Sudan157/2018","Chikungunya virus","MW161387","11237","-N/A-","10/2018",2018-10-01,"Human","Homo sapiens","Sudan","genomic RNA",11237,0.936416666666667,">90%","Africa","Eastern Africa"
"227","CHIKV/Sudan160/2018","Chikungunya virus","MW161388","11237","-N/A-","10/2018",2018-10-01,"Human","Homo sapiens","Sudan","genomic RNA",11237,0.936416666666667,">90%","Africa","Eastern Africa"
"228","CHIKV/Sudan161/2018","Chikungunya virus","MW161389","11237","-N/A-","10/2018",2018-10-01,"Human","Homo sapiens","Sudan","genomic RNA",11237,0.936416666666667,">90%","Africa","Eastern Africa"
"229","CHIKV/Sudan163/2018","Chikungunya virus","MW161390","10475","-N/A-","10/2018",2018-10-01,"Human","Homo sapiens","Sudan","genomic RNA",10475,0.872916666666667,"50-90%","Africa","Eastern Africa"
"230","CHIKV/Sudan165/2018","Chikungunya virus","MW161391","10661","-N/A-","10/2018",2018-10-01,"Human","Homo sapiens","Sudan","genomic RNA",10661,0.888416666666667,"50-90%","Africa","Eastern Africa"
"231","CHIKV/Sudan167/2018","Chikungunya virus","MW161392","11237","-N/A-","10/2018",2018-10-01,"Human","Homo sapiens","Sudan","genomic RNA",11237,0.936416666666667,">90%","Africa","Eastern Africa"
"232","CHIKV/Sudan170/2018","Chikungunya virus","MW161393","9448","-N/A-","10/2018",2018-10-01,"Human","Homo sapiens","Sudan","genomic RNA",9448,0.787333333333333,"50-90%","Africa","Eastern Africa"
"233","CHIKV/Sudan171/2018","Chikungunya virus","MW161394","10094","-N/A-","10/2018",2018-10-01,"Human","Homo sapiens","Sudan","genomic RNA",10094,0.841166666666667,"50-90%","Africa","Eastern Africa"
"234","CHIKV/Sudan173/2018","Chikungunya virus","MW161395","10853","-N/A-","10/2018",2018-10-01,"Human","Homo sapiens","Sudan","genomic RNA",10853,0.904416666666667,">90%","Africa","Eastern Africa"
"235","CHIKV/Sudan174/2018","Chikungunya virus","MW161396","11084","-N/A-","10/2018",2018-10-01,"Human","Homo sapiens","Sudan","genomic RNA",11084,0.923666666666667,">90%","Africa","Eastern Africa"
"236","CHIKV/Sudan175/2018","Chikungunya virus","MW161397","11018","-N/A-","10/2018",2018-10-01,"Human","Homo sapiens","Sudan","genomic RNA",11018,0.918166666666667,">90%","Africa","Eastern Africa"
"237","CHIKV/Sudan176/2018","Chikungunya virus","MW161398","10780","-N/A-","10/2018",2018-10-01,"Human","Homo sapiens","Sudan","genomic RNA",10780,0.898333333333333,"50-90%","Africa","Eastern Africa"
"238","CHIKV/Sudan177/2018","Chikungunya virus","MW161399","11087","-N/A-","10/2018",2018-10-01,"Human","Homo sapiens","Sudan","genomic RNA",11087,0.923916666666667,">90%","Africa","Eastern Africa"
"239","CHIKV/Sudan179/2018","Chikungunya virus","MW161400","11096","-N/A-","10/2018",2018-10-01,"Human","Homo sapiens","Sudan","genomic RNA",11096,0.924666666666667,">90%","Africa","Eastern Africa"
"240","CHIKV/Sudan181/2018","Chikungunya virus","MW161401","11237","-N/A-","10/2018",2018-10-01,"Human","Homo sapiens","Sudan","genomic RNA",11237,0.936416666666667,">90%","Africa","Eastern Africa"
"241","CHIKV/Sudan184/2018","Chikungunya virus","MW161402","11051","-N/A-","10/2018",2018-10-01,"Human","Homo sapiens","Sudan","genomic RNA",11051,0.920916666666667,">90%","Africa","Eastern Africa"
"242","CHIKV/Sudan186/2018","Chikungunya virus","MW161403","11237","-N/A-","10/2018",2018-10-01,"Human","Homo sapiens","Sudan","genomic RNA",11237,0.936416666666667,">90%","Africa","Eastern Africa"
"243","CHIKV/Sudan201/2018","Chikungunya virus","MW161404","10946","-N/A-","10/2018",2018-10-01,"Human","Homo sapiens","Sudan","genomic RNA",10946,0.912166666666667,">90%","Africa","Eastern Africa"
"244","CHIKV/Sudan305/2018","Chikungunya virus","MW161405","11170","-N/A-","10/2018",2018-10-01,"Human","Homo sapiens","Sudan","genomic RNA",11170,0.930833333333333,">90%","Africa","Eastern Africa"
"245","CHIKV/Sudan306/2018","Chikungunya virus","MW161406","11237","-N/A-","10/2018",2018-10-01,"Human","Homo sapiens","Sudan","genomic RNA",11237,0.936416666666667,">90%","Africa","Eastern Africa"
"246","CHIKV/Sudan307/2018","Chikungunya virus","MW161407","11237","-N/A-","10/2018",2018-10-01,"Human","Homo sapiens","Sudan","genomic RNA",11237,0.936416666666667,">90%","Africa","Eastern Africa"
"247","CHIKV/Sudan308/2018","Chikungunya virus","MW161408","11024","-N/A-","10/2018",2018-10-01,"Human","Homo sapiens","Sudan","genomic RNA",11024,0.918666666666667,">90%","Africa","Eastern Africa"
"248","CHIKV/Sudan311/2018","Chikungunya virus","MW161409","10533","-N/A-","10/2018",2018-10-01,"Human","Homo sapiens","Sudan","genomic RNA",10533,0.87775,"50-90%","Africa","Eastern Africa"
"249","CHIKV/Sudan313/2018","Chikungunya virus","MW161410","11237","-N/A-","10/2018",2018-10-01,"Human","Homo sapiens","Sudan","genomic RNA",11237,0.936416666666667,">90%","Africa","Eastern Africa"
"250","CHIKV/Sudan314/2018","Chikungunya virus","MW161411","11237","-N/A-","10/2018",2018-10-01,"Human","Homo sapiens","Sudan","genomic RNA",11237,0.936416666666667,">90%","Africa","Eastern Africa"
"251","CHIKV/Sudan320/2018","Chikungunya virus","MW161412","11073","-N/A-","10/2018",2018-10-01,"Human","Homo sapiens","Sudan","genomic RNA",11073,0.92275,">90%","Africa","Eastern Africa"
"252","CHIKV/Sudan317/2018","Chikungunya virus","MW161413","11237","-N/A-","10/2018",2018-10-01,"Human","Homo sapiens","Sudan","genomic RNA",11237,0.936416666666667,">90%","Africa","Eastern Africa"
"253","CHIKV/Sudan321/2018","Chikungunya virus","MW161414","11237","-N/A-","10/2018",2018-10-01,"Human","Homo sapiens","Sudan","genomic RNA",11237,0.936416666666667,">90%","Africa","Eastern Africa"
"254","CHIKV/Sudan323/2018","Chikungunya virus","MW161415","11237","-N/A-","10/2018",2018-10-01,"Human","Homo sapiens","Sudan","genomic RNA",11237,0.936416666666667,">90%","Africa","Eastern Africa"
"255","CHIKV/Sudan325/2018","Chikungunya virus","MW161416","10978","-N/A-","10/2018",2018-10-01,"Human","Homo sapiens","Sudan","genomic RNA",10978,0.914833333333333,">90%","Africa","Eastern Africa"
"256","CHIKV/Sudan329/2018","Chikungunya virus","MW161417","10634","-N/A-","10/2018",2018-10-01,"Human","Homo sapiens","Sudan","genomic RNA",10634,0.886166666666667,"50-90%","Africa","Eastern Africa"
"257","CHIKV/Sudan334/2018","Chikungunya virus","MW161418","11237","-N/A-","10/2018",2018-10-01,"Human","Homo sapiens","Sudan","genomic RNA",11237,0.936416666666667,">90%","Africa","Eastern Africa"
"258","CHIKV/Sudan335/2018","Chikungunya virus","MW161419","11237","-N/A-","10/2018",2018-10-01,"Human","Homo sapiens","Sudan","genomic RNA",11237,0.936416666666667,">90%","Africa","Eastern Africa"
"259","CHIKV/Sudan338/2018","Chikungunya virus","MW161420","10895","-N/A-","10/2018",2018-10-01,"Human","Homo sapiens","Sudan","genomic RNA",10895,0.907916666666667,">90%","Africa","Eastern Africa"
"260","CHIKV/Sudan123/2018","Chikungunya virus","MW161421","10552","-N/A-","10/2018",2018-10-01,"Human","Homo sapiens","Sudan","genomic RNA",10552,0.879333333333333,"50-90%","Africa","Eastern Africa"
"261","CHIKV/Sudan129/2018","Chikungunya virus","MW161422","10660","-N/A-","10/2018",2018-10-01,"Human","Homo sapiens","Sudan","genomic RNA",10660,0.888333333333333,"50-90%","Africa","Eastern Africa"
"262","CHIKV/Sudan200/2018","Chikungunya virus","MW161423","10307","-N/A-","10/2018",2018-10-01,"Human","Homo sapiens","Sudan","genomic RNA",10307,0.858916666666667,"50-90%","Africa","Eastern Africa"
"263","CHIKV/Sudan138/2018","Chikungunya virus","MW161424","9100","-N/A-","10/2018",2018-10-01,"Human","Homo sapiens","Sudan","genomic RNA",9100,0.758333333333333,"50-90%","Africa","Eastern Africa"
"264","CHIKV/Sudan139/2018","Chikungunya virus","MW161425","10418","-N/A-","10/2018",2018-10-01,"Human","Homo sapiens","Sudan","genomic RNA",10418,0.868166666666667,"50-90%","Africa","Eastern Africa"
"265","CHIKV/Sudan140/2018","Chikungunya virus","MW161426","9643","-N/A-","10/2018",2018-10-01,"Human","Homo sapiens","Sudan","genomic RNA",9643,0.803583333333333,"50-90%","Africa","Eastern Africa"
"266","CHIKV/Sudan142/2018","Chikungunya virus","MW161427","10669","-N/A-","10/2018",2018-10-01,"Human","Homo sapiens","Sudan","genomic RNA",10669,0.889083333333333,"50-90%","Africa","Eastern Africa"
"267","CHIKV/Sudan143/2018","Chikungunya virus","MW161428","10612","-N/A-","10/2018",2018-10-01,"Human","Homo sapiens","Sudan","genomic RNA",10612,0.884333333333333,"50-90%","Africa","Eastern Africa"
"268","CHIKV/Sudan155/2018","Chikungunya virus","MW161429","11029","-N/A-","10/2018",2018-10-01,"Human","Homo sapiens","Sudan","genomic RNA",11029,0.919083333333333,">90%","Africa","Eastern Africa"
"269","CHIKV/Sudan156/2018","Chikungunya virus","MW161430","10974","-N/A-","10/2018",2018-10-01,"Human","Homo sapiens","Sudan","genomic RNA",10974,0.9145,">90%","Africa","Eastern Africa"
"270","CHIKV/Sudan159/2018","Chikungunya virus","MW161431","11229","-N/A-","10/2018",2018-10-01,"Human","Homo sapiens","Sudan","genomic RNA",11229,0.93575,">90%","Africa","Eastern Africa"
"271","CHIKV/Sudan162/2018","Chikungunya virus","MW161432","10660","-N/A-","10/2018",2018-10-01,"Human","Homo sapiens","Sudan","genomic RNA",10660,0.888333333333333,"50-90%","Africa","Eastern Africa"
"272","CHIKV/Sudan166/2018","Chikungunya virus","MW161433","11065","-N/A-","10/2018",2018-10-01,"Human","Homo sapiens","Sudan","genomic RNA",11065,0.922083333333333,">90%","Africa","Eastern Africa"
"273","CHIKV/Sudan172/2018","Chikungunya virus","MW161434","10909","-N/A-","10/2018",2018-10-01,"Human","Homo sapiens","Sudan","genomic RNA",10909,0.909083333333333,">90%","Africa","Eastern Africa"
"274","CHIKV/Sudan178/2018","Chikungunya virus","MW161435","11035","-N/A-","10/2018",2018-10-01,"Human","Homo sapiens","Sudan","genomic RNA",11035,0.919583333333333,">90%","Africa","Eastern Africa"
"275","CHIKV/Sudan180/2018","Chikungunya virus","MW161436","10984","-N/A-","10/2018",2018-10-01,"Human","Homo sapiens","Sudan","genomic RNA",10984,0.915333333333333,">90%","Africa","Eastern Africa"
"276","CHIKV/Sudan182/2018","Chikungunya virus","MW161437","11083","-N/A-","10/2018",2018-10-01,"Human","Homo sapiens","Sudan","genomic RNA",11083,0.923583333333333,">90%","Africa","Eastern Africa"
"277","CHIKV/Sudan183/2018","Chikungunya virus","MW161438","10696","-N/A-","10/2018",2018-10-01,"Human","Homo sapiens","Sudan","genomic RNA",10696,0.891333333333333,"50-90%","Africa","Eastern Africa"
"278","CHIKV/Sudan189/2018","Chikungunya virus","MW161439","10525","-N/A-","10/2018",2018-10-01,"Human","Homo sapiens","Sudan","genomic RNA",10525,0.877083333333333,"50-90%","Africa","Eastern Africa"
"279","CHIKV/Sudan195/2018","Chikungunya virus","MW161440","11220","-N/A-","10/2018",2018-10-01,"Human","Homo sapiens","Sudan","genomic RNA",11220,0.935,">90%","Africa","Eastern Africa"
"280","CHIKV/Sudan196/2018","Chikungunya virus","MW161441","11235","-N/A-","10/2018",2018-10-01,"Human","Homo sapiens","Sudan","genomic RNA",11235,0.93625,">90%","Africa","Eastern Africa"
"281","CHIKV/Sudan199/2018","Chikungunya virus","MW161442","10922","-N/A-","10/2018",2018-10-01,"Human","Homo sapiens","Sudan","genomic RNA",10922,0.910166666666667,">90%","Africa","Eastern Africa"
"282","CHIKV/Sudan309/2018","Chikungunya virus","MW161443","10783","-N/A-","10/2018",2018-10-01,"Human","Homo sapiens","Sudan","genomic RNA",10783,0.898583333333333,"50-90%","Africa","Eastern Africa"
"283","CHIKV/Sudan310/2018","Chikungunya virus","MW161444","10624","-N/A-","10/2018",2018-10-01,"Human","Homo sapiens","Sudan","genomic RNA",10624,0.885333333333333,"50-90%","Africa","Eastern Africa"
"284","CHIKV/Sudan312/2018","Chikungunya virus","MW161445","10070","-N/A-","10/2018",2018-10-01,"Human","Homo sapiens","Sudan","genomic RNA",10070,0.839166666666667,"50-90%","Africa","Eastern Africa"
"285","CHIKV/Sudan315/2018","Chikungunya virus","MW161446","10669","-N/A-","10/2018",2018-10-01,"Human","Homo sapiens","Sudan","genomic RNA",10669,0.889083333333333,"50-90%","Africa","Eastern Africa"
"286","CHIKV/Sudan316/2018","Chikungunya virus","MW161447","11026","-N/A-","10/2018",2018-10-01,"Human","Homo sapiens","Sudan","genomic RNA",11026,0.918833333333333,">90%","Africa","Eastern Africa"
"287","CHIKV/Sudan318/2018","Chikungunya virus","MW161448","11086","-N/A-","10/2018",2018-10-01,"Human","Homo sapiens","Sudan","genomic RNA",11086,0.923833333333333,">90%","Africa","Eastern Africa"
"288","CHIKV/Sudan319/2018","Chikungunya virus","MW161449","11023","-N/A-","10/2018",2018-10-01,"Human","Homo sapiens","Sudan","genomic RNA",11023,0.918583333333333,">90%","Africa","Eastern Africa"
"289","CHIKV/Sudan322/2018","Chikungunya virus","MW161450","11008","-N/A-","10/2018",2018-10-01,"Human","Homo sapiens","Sudan","genomic RNA",11008,0.917333333333333,">90%","Africa","Eastern Africa"
"290","CHIKV/Sudan324/2018","Chikungunya virus","MW161451","10909","-N/A-","10/2018",2018-10-01,"Human","Homo sapiens","Sudan","genomic RNA",10909,0.909083333333333,">90%","Africa","Eastern Africa"
"291","CHIKV/Sudan326/2018","Chikungunya virus","MW161452","10859","-N/A-","10/2018",2018-10-01,"Human","Homo sapiens","Sudan","genomic RNA",10859,0.904916666666667,">90%","Africa","Eastern Africa"
"292","CHIKV/Sudan327/2018","Chikungunya virus","MW161453","10924","-N/A-","10/2018",2018-10-01,"Human","Homo sapiens","Sudan","genomic RNA",10924,0.910333333333333,">90%","Africa","Eastern Africa"
"293","CHIKV/Sudan328/2018","Chikungunya virus","MW161454","10895","-N/A-","10/2018",2018-10-01,"Human","Homo sapiens","Sudan","genomic RNA",10895,0.907916666666667,">90%","Africa","Eastern Africa"
"294","CHIKV/Sudan330/2018","Chikungunya virus","MW161455","10965","-N/A-","10/2018",2018-10-01,"Human","Homo sapiens","Sudan","genomic RNA",10965,0.91375,">90%","Africa","Eastern Africa"
"295","CHIKV/Sudan331/2018","Chikungunya virus","MW161456","10937","-N/A-","10/2018",2018-10-01,"Human","Homo sapiens","Sudan","genomic RNA",10937,0.911416666666667,">90%","Africa","Eastern Africa"
"296","CHIKV/Sudan332/2018","Chikungunya virus","MW161457","11088","-N/A-","10/2018",2018-10-01,"Human","Homo sapiens","Sudan","genomic RNA",11088,0.924,">90%","Africa","Eastern Africa"
"297","CHIKV/Sudan333/2018","Chikungunya virus","MW161458","11065","-N/A-","10/2018",2018-10-01,"Human","Homo sapiens","Sudan","genomic RNA",11065,0.922083333333333,">90%","Africa","Eastern Africa"
"298","CHIKV/Sudan336/2018","Chikungunya virus","MW161459","10670","-N/A-","10/2018",2018-10-01,"Human","Homo sapiens","Sudan","genomic RNA",10670,0.889166666666667,"50-90%","Africa","Eastern Africa"
"299","CHIKV/Sudan337/2018","Chikungunya virus","MW161460","10843","-N/A-","10/2018",2018-10-01,"Human","Homo sapiens","Sudan","genomic RNA",10843,0.903583333333333,">90%","Africa","Eastern Africa"
"300","RC_Diosso_2019","Chikungunya virus","MK690206","11532","-N/A-","01/012019",2019-01-01,"Human","Homo sapiens","Republic of the Congo","genomic RNA",11532,0.961,">90%","Africa","Western Africa"
"301","RC_Diosso_2019_9","Chikungunya virus","MK715489","678","-N/A-","01/012019",2019-01-01,"Human","Homo sapiens","Republic of the Congo","genomic RNA",678,0.0565,"0-50%","Africa","Western Africa"
"302","RC_Diosso_2019_31","Chikungunya virus","MK715490","678","-N/A-","01/012019",2019-01-01,"Human","Homo sapiens","Republic of the Congo","genomic RNA",678,0.0565,"0-50%","Africa","Western Africa"
"303","DRC_2019_MNFI024_HU","Chikungunya virus","MT636907","11531","-N/A-","01/07/2019",2019-01-07,"Human","Homo sapiens","Democratic Republic of the Congo","genomic RNA",11531,0.960916666666667,">90%","Africa","Western Africa"
"304","DRC_2019_MNFI040_HU","Chikungunya virus","MT636908","11531","-N/A-","01/07/2019",2019-01-07,"Human","Homo sapiens","Democratic Republic of the Congo","genomic RNA",11531,0.960916666666667,">90%","Africa","Western Africa"
"305","19CG01","Chikungunya virus","MN022226","511","-N/A-","01/19/2019",2019-01-19,"Human","Homo sapiens","Republic of the Congo","genomic RNA",511,0.0425833333333333,"0-50%","Africa","Western Africa"
"306","19CG08","Chikungunya virus","MN022227","511","-N/A-","01/19/2019",2019-01-19,"Human","Homo sapiens","Republic of the Congo","genomic RNA",511,0.0425833333333333,"0-50%","Africa","Western Africa"
"307","19CG01","Chikungunya virus","MN022233","608","-N/A-","01/19/2019",2019-01-19,"Human","Homo sapiens","Republic of the Congo","genomic RNA",608,0.0506666666666667,"0-50%","Africa","Western Africa"
"308","19CG08","Chikungunya virus","MN022234","608","-N/A-","01/19/2019",2019-01-19,"Human","Homo sapiens","Republic of the Congo","genomic RNA",608,0.0506666666666667,"0-50%","Africa","Western Africa"
"309","DRC_2019_MNFI114_HU","Chikungunya virus","MT636909","11531","-N/A-","01/21/2019",2019-01-21,"Human","Homo sapiens","Democratic Republic of the Congo","genomic RNA",11531,0.960916666666667,">90%","Africa","Western Africa"
"310","DRC_2019_MNFII180_HU","Chikungunya virus","MT636910","11531","-N/A-","01/21/2019",2019-01-21,"Human","Homo sapiens","Democratic Republic of the Congo","genomic RNA",11531,0.960916666666667,">90%","Africa","Western Africa"
"311","DRC_2019_MNFII188_HU","Chikungunya virus","MT636911","11531","-N/A-","01/21/2019",2019-01-21,"Human","Homo sapiens","Democratic Republic of the Congo","genomic RNA",11531,0.960916666666667,">90%","Africa","Western Africa"
"312","19CG59","Chikungunya virus","MN022228","511","-N/A-","01/25/2019",2019-01-25,"Human","Homo sapiens","Republic of the Congo","genomic RNA",511,0.0425833333333333,"0-50%","Africa","Western Africa"
"313","19CG68","Chikungunya virus","MN022229","511","-N/A-","01/25/2019",2019-01-25,"Human","Homo sapiens","Republic of the Congo","genomic RNA",511,0.0425833333333333,"0-50%","Africa","Western Africa"
"314","19CG75","Chikungunya virus","MN022230","511","-N/A-","01/25/2019",2019-01-25,"Human","Homo sapiens","Republic of the Congo","genomic RNA",511,0.0425833333333333,"0-50%","Africa","Western Africa"
"315","19CG59","Chikungunya virus","MN022235","608","-N/A-","01/25/2019",2019-01-25,"Human","Homo sapiens","Republic of the Congo","genomic RNA",608,0.0506666666666667,"0-50%","Africa","Western Africa"
"316","19CG68","Chikungunya virus","MN022236","608","-N/A-","01/25/2019",2019-01-25,"Human","Homo sapiens","Republic of the Congo","genomic RNA",608,0.0506666666666667,"0-50%","Africa","Western Africa"
"317","19CG75","Chikungunya virus","MN022237","608","-N/A-","01/25/2019",2019-01-25,"Human","Homo sapiens","Republic of the Congo","genomic RNA",608,0.0506666666666667,"0-50%","Africa","Western Africa"
"318","DRC_2019_MAS236_HU","Chikungunya virus","MT636912","11531","-N/A-","02/01/2019",2019-02-01,"Human","Homo sapiens","Democratic Republic of the Congo","genomic RNA",11531,0.960916666666667,">90%","Africa","Western Africa"
"319","DRC_2019_MNF029_AAEG","Chikungunya virus","MT636918","11531","-N/A-","02/2019",2019-02-01,"Mosquito","Aedes aegypti","Democratic Republic of the Congo","genomic RNA",11531,0.960916666666667,">90%","Africa","Western Africa"
"320","19CG94","Chikungunya virus","MN022231","511","-N/A-","02/05/2019",2019-02-05,"Human","Homo sapiens","Republic of the Congo","genomic RNA",511,0.0425833333333333,"0-50%","Africa","Western Africa"
"321","19CG94","Chikungunya virus","MN022238","608","-N/A-","02/05/2019",2019-02-05,"Human","Homo sapiens","Republic of the Congo","genomic RNA",608,0.0506666666666667,"0-50%","Africa","Western Africa"
"322","DRC_2019_MAS325_HU","Chikungunya virus","MT636913","11531","-N/A-","02/06/2019",2019-02-06,"Human","Homo sapiens","Democratic Republic of the Congo","genomic RNA",11531,0.960916666666667,">90%","Africa","Western Africa"
"323","19CG103","Chikungunya virus","MN022232","511","-N/A-","02/19/2019",2019-02-19,"Human","Homo sapiens","Republic of the Congo","genomic RNA",511,0.0425833333333333,"0-50%","Africa","Western Africa"
"324","19CG103","Chikungunya virus","MN022239","608","-N/A-","02/19/2019",2019-02-19,"Human","Homo sapiens","Republic of the Congo","genomic RNA",608,0.0506666666666667,"0-50%","Africa","Western Africa"
"325","CHIKV/PNRCNG/LNSP_INMI2-2019","Chikungunya virus","MK935344","11787","-N/A-","03/05/2019",2019-03-05,"Human","Homo sapiens","Republic of the Congo","genomic RNA",11787,0.98225,">90%","Africa","Western Africa"
"326","CHIKV/PNRCNG/LNSP_INMI1-2019","Chikungunya virus","MK935343","11434","-N/A-","03/20/2019",2019-03-20,"Human","Homo sapiens","Republic of the Congo","genomic RNA",11434,0.952833333333333,">90%","Africa","Western Africa"
"327","DRC_2019_MAT001_AALB","Chikungunya virus","MT636919","11531","-N/A-","03/20/2019",2019-03-20,"Mosquito","Aedes albopictus","Democratic Republic of the Congo","genomic RNA",11531,0.960916666666667,">90%","Africa","Western Africa"
"328","DRC_2019_MAT010_AALBF","Chikungunya virus","MT636917","11531","-N/A-","03/21/2019",2019-03-21,"Mosquito","Aedes albopictus","Democratic Republic of the Congo","genomic RNA",11531,0.960916666666667,">90%","Africa","Western Africa"
"329","DRC_2019_MAT005_AALBM","Chikungunya virus","MT636920","11531","-N/A-","03/21/2019",2019-03-21,"Mosquito","Aedes albopictus","Democratic Republic of the Congo","genomic RNA",11531,0.960916666666667,">90%","Africa","Western Africa"
"330","DRC_2019_MAT009_AALBF","Chikungunya virus","MT636921","11531","-N/A-","03/21/2019",2019-03-21,"Mosquito","Aedes albopictus","Democratic Republic of the Congo","genomic RNA",11531,0.960916666666667,">90%","Africa","Western Africa"
"331","DRC_2019_MAT011_AALBF","Chikungunya virus","MT636922","11531","-N/A-","03/22/2019",2019-03-22,"Mosquito","Aedes albopictus","Democratic Republic of the Congo","genomic RNA",11531,0.960916666666667,">90%","Africa","Western Africa"
"332","DRC_2019_KAS002_AALBM","Chikungunya virus","MT636914","11531","-N/A-","03/26/2019",2019-03-26,"Mosquito","Aedes albopictus","Democratic Republic of the Congo","genomic RNA",11531,0.960916666666667,">90%","Africa","Western Africa"
"333","DRC_2019_KAS003_AALBF","Chikungunya virus","MT636915","10428","-N/A-","03/26/2019",2019-03-26,"Mosquito","Aedes albopictus","Democratic Republic of the Congo","genomic RNA",10428,0.869,"50-90%","Africa","Western Africa"
"334","DRC_2019_KAS004_AALBF","Chikungunya virus","MT636916","11531","-N/A-","03/26/2019",2019-03-26,"Mosquito","Aedes albopictus","Democratic Republic of the Congo","genomic RNA",11531,0.960916666666667,">90%","Africa","Western Africa"
"335","UVE/CHIKV/Djibouti/2019/CNR53532","Chikungunya virus","MT023791","11253","-N/A-","12/15/2019",2019-12-15,"Human","Homo sapiens","Djibouti","genomic RNA",11253,0.93775,">90%","Africa","Eastern Africa"
"336","20V-14210_CHAD2020","Chikungunya virus","OL692740","940","-N/A-","08/10/2020",2020-08-10,"Human","Homo sapiens","Chad","genomic RNA",940,0.0783333333333333,"0-50%","Africa","Western Africa"
"337","20V-14211_CHAD2020","Chikungunya virus","OL692741","940","-N/A-","08/10/2020",2020-08-10,"Human","Homo sapiens","Chad","genomic RNA",940,0.0783333333333333,"0-50%","Africa","Western Africa"
"338","SYMAV-H0915","Chikungunya virus","LC707379","1295","-N/A-","06/15/2021",2021-06-15,"Human","Homo sapiens","Gabon","genomic RNA",1295,0.107916666666667,"0-50%","Africa","Western Africa"
"339","05-209","Chikungunya virus","AM258991","11601","-N/A-","-N/A-",NA,"Unknown","-N/A-","Seychelles","genomic RNA",11601,0.96675,">90%","Africa","Eastern Africa"
"340","D570/06","Chikungunya virus","EF012359","11806","-N/A-","-N/A-",NA,"Unknown","-N/A-","Mauritius","genomic RNA",11806,0.983833333333333,">90%","Africa","Eastern Africa"
"341","37997","Chikungunya virus","AY726732","11881","-N/A-","-N/A-",NA,"Mosquito","Aedes furcifer","Senegal","genomic RNA",11881,0.990083333333333,">90%","Africa","Western Africa"
"342","Wuerzburg","Chikungunya virus","EU037962","11805","-N/A-","-N/A-",NA,"Unknown","-N/A-","Mauritius","genomic RNA",11805,0.98375,">90%","Africa","Eastern Africa"
"343","IPD/A SH 2807","Chikungunya virus","HM045804","11847","-N/A-","-N/A-",NA,"Human","Homo sapiens","Senegal","genomic RNA",11847,0.98725,">90%","Africa","Western Africa"
"344","CAR256","Chikungunya virus","HM045793","11767","-N/A-","-N/A-",NA,"Unknown","-N/A-","Central African Republic","genomic RNA",11767,0.980583333333333,">90%","Africa","Western Africa"
"345","1088vi","Chikungunya virus","GQ387368","434","-N/A-","-N/A-",NA,"Human","Homo sapiens","Equatorial Guinea","genomic RNA",434,0.0361666666666667,"0-50%","Africa","Western Africa"
"346","EG641","Chikungunya virus","GQ387366","434","-N/A-","-N/A-",NA,"Human","Homo sapiens","Equatorial Guinea","genomic RNA",434,0.0361666666666667,"0-50%","Africa","Western Africa"
"347","S27","Chikungunya virus","AF339485","4885","-N/A-","-N/A-",NA,"Unknown","-N/A-","Tanzania","genomic RNA",4885,0.407083333333333,"0-50%","Africa","Southern Africa"
"348","chik DRC1728","Chikungunya virus","AY549582","1125","-N/A-","-N/A-",NA,"Human","Homo sapiens","Democratic Republic of the Congo","mRNA",1125,0.09375,"0-50%","Africa","Western Africa"
"349","chik DRC1725","Chikungunya virus","AY549581","1125","-N/A-","-N/A-",NA,"Human","Homo sapiens","Democratic Republic of the Congo","mRNA",1125,0.09375,"0-50%","Africa","Western Africa"
"350","chik DRC1730","Chikungunya virus","AY549584","1125","-N/A-","-N/A-",NA,"Human","Homo sapiens","Democratic Republic of the Congo","mRNA",1125,0.09375,"0-50%","Africa","Western Africa"
"351","chik DRC010","Chikungunya virus","AY549576","1125","-N/A-","-N/A-",NA,"Human","Homo sapiens","Democratic Republic of the Congo","mRNA",1125,0.09375,"0-50%","Africa","Western Africa"
"352","chik RCA","Chikungunya virus","AY549583","1125","-N/A-","-N/A-",NA,"Human","Homo sapiens","Democratic Republic of the Congo","mRNA",1125,0.09375,"0-50%","Africa","Western Africa"
"353","EG02","Chikungunya virus","DQ515987","147","-N/A-","-N/A-",NA,"Human","Homo sapiens","Equatorial Guinea","genomic RNA",147,0.01225,"0-50%","Africa","Western Africa"
"354","chik DRC1720","Chikungunya virus","AY549580","1125","-N/A-","-N/A-",NA,"Human","Homo sapiens","Democratic Republic of the Congo","mRNA",1125,0.09375,"0-50%","Africa","Western Africa"
"355","chik DRC1718","Chikungunya virus","AY549578","1125","-N/A-","-N/A-",NA,"Human","Homo sapiens","Democratic Republic of the Congo","mRNA",1125,0.09375,"0-50%","Africa","Western Africa"
"356","EG03","Chikungunya virus","DQ515988","147","-N/A-","-N/A-",NA,"Human","Homo sapiens","Equatorial Guinea","genomic RNA",147,0.01225,"0-50%","Africa","Western Africa"
"357","chik DRC027","Chikungunya virus","AY549577","1125","-N/A-","-N/A-",NA,"Human","Homo sapiens","Democratic Republic of the Congo","mRNA",1125,0.09375,"0-50%","Africa","Western Africa"
"358","EG06","Chikungunya virus","DQ515991","147","-N/A-","-N/A-",NA,"Human","Homo sapiens","Equatorial Guinea","genomic RNA",147,0.01225,"0-50%","Africa","Western Africa"
"359","EG640","Chikungunya virus","GQ387365","434","-N/A-","-N/A-",NA,"Human","Homo sapiens","Equatorial Guinea","genomic RNA",434,0.0361666666666667,"0-50%","Africa","Western Africa"
"360","EG07","Chikungunya virus","DQ515985","147","-N/A-","-N/A-",NA,"Human","Homo sapiens","Equatorial Guinea","genomic RNA",147,0.01225,"0-50%","Africa","Western Africa"
"361","06113879","Chikungunya virus","EU404186","559","-N/A-","-N/A-",NA,"Unknown","-N/A-","Mauritius","genomic RNA",559,0.0465833333333333,"0-50%","Africa","Eastern Africa"
"362","EG05","Chikungunya virus","DQ515990","147","-N/A-","-N/A-",NA,"Human","Homo sapiens","Equatorial Guinea","genomic RNA",147,0.01225,"0-50%","Africa","Western Africa"
"363","EG01","Chikungunya virus","DQ515986","147","-N/A-","-N/A-",NA,"Human","Homo sapiens","Equatorial Guinea","genomic RNA",147,0.01225,"0-50%","Africa","Western Africa"
"364","chik DRC007","Chikungunya virus","AY549575","1125","-N/A-","-N/A-",NA,"Human","Homo sapiens","Democratic Republic of the Congo","mRNA",1125,0.09375,"0-50%","Africa","Western Africa"
"365","EG04","Chikungunya virus","DQ515989","147","-N/A-","-N/A-",NA,"Human","Homo sapiens","Equatorial Guinea","genomic RNA",147,0.01225,"0-50%","Africa","Western Africa"
"366","chik DRC1719","Chikungunya virus","AY549579","1124","-N/A-","-N/A-",NA,"Human","Homo sapiens","Democratic Republic of the Congo","mRNA",1124,0.0936666666666667,"0-50%","Africa","Western Africa"
"367","EG015","Chikungunya virus","GQ387367","434","-N/A-","-N/A-",NA,"Human","Homo sapiens","Equatorial Guinea","genomic RNA",434,0.0361666666666667,"0-50%","Africa","Western Africa"
"368","Ross_NH177","Chikungunya virus","ON009843","11768","-N/A-","Saturday, January 1, 1953",NA,"Human","Homo sapiens","Tanzania","genomic RNA",11768,0.980666666666667,">90%","Africa","Southern Africa"
"369","LSFS","Chikungunya virus","HM045809","11753","-N/A-","Saturday, January 1, 1960",NA,"Human","Homo sapiens","Democratic Republic of the Congo","genomic RNA",11753,0.979416666666667,">90%","Africa","Western Africa"
"370","Angola M2022","Chikungunya virus","HM045823","11754","-N/A-","Saturday, January 1, 1962",NA,"Unknown","-N/A-","Angola","genomic RNA",11754,0.9795,">90%","Africa","Southern Africa"
"371","AR 18211","Chikungunya virus","HM045805","11686","-N/A-","Saturday, January 1, 1976",NA,"Mosquito","Aedes furcifer","South Africa","genomic RNA",11686,0.973833333333333,">90%","Africa","Southern Africa"
"372","SAH2123","Chikungunya virus","HM045795","11693","-N/A-","Saturday, January 1, 1976",NA,"Human","Homo sapiens","South Africa","genomic RNA",11693,0.974416666666667,">90%","Africa","Southern Africa"
